{
	"credit": "Made with Blockbench",
	"parent": "block/cube_all",
	"textures": {
		"1": "block/copper_ore",
		"all": "block/stone",
		"particle": "block/copper_ore"
	},
	"elements": [
		{
			"from": [0.5, 0.5, 0.5],
			"to": [15.5, 15.5, 15.5],
			"rotation": {"angle": 0, "axis": "y", "origin": [8, 0, 7]},
			"faces": {
				"north": {"uv": [0.5, 0.5, 15.5, 15.5], "texture": "#1", "cullface": "north"},
				"east": {"uv": [0.5, 0.5, 15.5, 15.5], "texture": "#1", "cullface": "east"},
				"south": {"uv": [0.5, 0.5, 15.5, 15.5], "texture": "#1", "cullface": "south"},
				"west": {"uv": [0.5, 0.5, 15.5, 15.5], "texture": "#1", "cullface": "west"},
				"up": {"uv": [0.5, 0.5, 15.5, 15.5], "rotation": 90, "texture": "#1", "cullface": "up"},
				"down": {"uv": [0.5, 0.5, 15.5, 15.5], "rotation": 270, "texture": "#1", "cullface": "down"}
			}
		},



		{
			"from": [6, 9, 0],
			"to": [7, 11, 1],
			"rotation": {"angle": 0, "axis": "y", "origin": [8, 0, 7]},
			"faces": {
				"north": {"uv": [9, 5, 10, 7], "texture": "#all", "cullface": "north"},
				"east": {"uv": [9, 5, 10, 7], "texture": "#all", "cullface": "north"},
				"west": {"uv": [9, 5, 10, 7], "texture": "#all", "cullface": "north"}
			}
		},
		{
			"from": [7, 1, 0],
			"to": [15, 5, 1],
			"rotation": {"angle": 0, "axis": "y", "origin": [8, 0, 7]},
			"faces": {
				"north": {"uv": [1, 11, 9, 15], "texture": "#all", "cullface": "north"},
				"west": {"uv": [8, 11, 9, 15], "texture": "#all", "cullface": "north"},
				"up": {"uv": [1, 11, 9, 12], "rotation": 180, "texture": "#all", "cullface": "north"}
			}
		},
		{
			"from": [12, 5, 0],
			"to": [15, 6, 1],
			"rotation": {"angle": 0, "axis": "y", "origin": [8, 0, 7]},
			"faces": {
				"north": {"uv": [1, 10, 4, 11], "texture": "#all", "cullface": "north"},
				"west": {"uv": [3, 10, 4, 11], "texture": "#all", "cullface": "north"},
				"up": {"uv": [1, 10, 4, 11], "rotation": 180, "texture": "#all", "cullface": "north"}
			}
		},
		{
			"from": [4, 4, 0],
			"to": [7, 5, 1],
			"rotation": {"angle": 0, "axis": "y", "origin": [8, 0, 7]},
			"faces": {
				"north": {"uv": [9, 11, 12, 12], "texture": "#all", "cullface": "north"},
				"up": {"uv": [9, 11, 12, 12], "rotation": 180, "texture": "#all", "cullface": "north"},
				"down": {"uv": [9, 11, 12, 12], "rotation": 180, "texture": "#all", "cullface": "north"}
			}
		},
		{
			"from": [4, 1, 0],
			"to": [7, 2, 1],
			"rotation": {"angle": 0, "axis": "y", "origin": [8, 0, 7]},
			"faces": {
				"north": {"uv": [9, 14, 12, 15], "texture": "#all", "cullface": "north"},
				"up": {"uv": [9, 14, 12, 15], "rotation": 180, "texture": "#all", "cullface": "north"}
			}
		},
		{
			"from": [4, 7, 0],
			"to": [6, 8, 1],
			"rotation": {"angle": 0, "axis": "y", "origin": [8, 0, 7]},
			"faces": {
				"north": {"uv": [10, 8, 12, 9], "texture": "#all", "cullface": "north"},
				"up": {"uv": [10, 8, 12, 9], "rotation": 180, "texture": "#all", "cullface": "north"},
				"down": {"uv": [10, 8, 12, 9], "rotation": 180, "texture": "#all", "cullface": "north"}
			}
		},
		{
			"from": [4, 11, 0],
			"to": [11, 14, 1],
			"rotation": {"angle": 0, "axis": "y", "origin": [8, 0, 7]},
			"faces": {
				"north": {"uv": [5, 2, 12, 5], "texture": "#all", "cullface": "north"},
				"east": {"uv": [5, 2, 6, 5], "texture": "#all", "cullface": "north"},
				"west": {"uv": [11, 2, 12, 5], "texture": "#all", "cullface": "north"},
				"down": {"uv": [5, 4, 12, 5], "rotation": 180, "texture": "#all", "cullface": "north"}
			}
		},
		{
			"from": [4, 14, 0],
			"to": [15, 15, 1],
			"rotation": {"angle": 0, "axis": "y", "origin": [8, 0, 7]},
			"faces": {
				"north": {"uv": [1, 1, 12, 2], "texture": "#all", "cullface": "north"},
				"west": {"uv": [11, 1, 12, 2], "texture": "#all", "cullface": "north"},
				"down": {"uv": [1, 1, 12, 2], "rotation": 180, "texture": "#all", "cullface": "north"}
			}
		},
		{
			"from": [9, 8, 0],
			"to": [15, 11, 1],
			"rotation": {"angle": 0, "axis": "y", "origin": [8, 0, 7]},
			"faces": {
				"north": {"uv": [1, 5, 7, 8], "texture": "#all", "cullface": "north"},
				"west": {"uv": [6, 5, 7, 8], "texture": "#all", "cullface": "north"},
				"up": {"uv": [1, 5, 7, 6], "rotation": 180, "texture": "#all", "cullface": "north"},
				"down": {"uv": [1, 7, 7, 8], "rotation": 180, "texture": "#all", "cullface": "north"}
			}
		},
		{
			"from": [6, 5, 0],
			"to": [9, 9, 1],
			"rotation": {"angle": 0, "axis": "y", "origin": [8, 0, 7]},
			"faces": {
				"north": {"uv": [7, 7, 10, 11], "texture": "#all", "cullface": "north"},
				"east": {"uv": [7, 7, 8, 11], "texture": "#all", "cullface": "north"},
				"west": {"uv": [9, 7, 10, 11], "texture": "#all", "cullface": "north"},
				"up": {"uv": [7, 7, 10, 8], "rotation": 180, "texture": "#all", "cullface": "north"}
			}
		},
		{
			"from": [12, 6, 0],
			"to": [13, 8, 1],
			"rotation": {"angle": 0, "axis": "y", "origin": [8, 0, 7]},
			"faces": {
				"north": {"uv": [3, 8, 4, 10], "texture": "#all", "cullface": "north"},
				"east": {"uv": [3, 8, 4, 10], "texture": "#all", "cullface": "north"},
				"west": {"uv": [3, 8, 4, 10], "texture": "#all", "cullface": "north"}
			}
		},
		{
			"from": [14, 11, 0],
			"to": [15, 14, 1],
			"rotation": {"angle": 0, "axis": "y", "origin": [8, 0, 7]},
			"faces": {
				"north": {"uv": [1, 2, 2, 5], "texture": "#all", "cullface": "north"},
				"west": {"uv": [1, 2, 2, 5], "texture": "#all", "cullface": "north"}
			}
		},
		{
			"from": [2, 6, 0],
			"to": [3, 13, 1],
			"rotation": {"angle": 0, "axis": "y", "origin": [8, 0, 7]},
			"faces": {
				"north": {"uv": [13, 3, 14, 10], "texture": "#all", "cullface": "north"},
				"east": {"uv": [13, 3, 14, 10], "texture": "#all", "cullface": "north"},
				"up": {"uv": [13, 3, 14, 4], "rotation": 180, "texture": "#all", "cullface": "north"},
				"down": {"uv": [13, 9, 14, 10], "rotation": 180, "texture": "#all", "cullface": "north"}
			}
		},
		{
			"from": [3, 11, 0],
			"to": [4, 13, 1],
			"rotation": {"angle": 0, "axis": "y", "origin": [8, 0, 7]},
			"faces": {
				"north": {"uv": [12, 3, 13, 5], "texture": "#all", "cullface": "north"},
				"up": {"uv": [12, 3, 13, 4], "rotation": 180, "texture": "#all", "cullface": "north"},
				"down": {"uv": [12, 4, 13, 5], "rotation": 180, "texture": "#all", "cullface": "north"}
			}
		},
		{
			"from": [1, 6, 0],
			"to": [2, 15, 1],
			"rotation": {"angle": 0, "axis": "y", "origin": [8, 0, 7]},
			"faces": {
				"north": {"uv": [14, 1, 15, 10], "texture": "#all", "cullface": "north"},
				"east": {"uv": [14, 1, 15, 10], "texture": "#all", "cullface": "north"},
				"down": {"uv": [14, 9, 15, 10], "rotation": 180, "texture": "#all", "cullface": "north"}
			}
		},
		{
			"from": [1, 1, 0],
			"to": [3, 4, 1],
			"rotation": {"angle": 0, "axis": "y", "origin": [8, 0, 7]},
			"faces": {
				"north": {"uv": [13, 12, 15, 15], "texture": "#all", "cullface": "north"},
				"up": {"uv": [13, 12, 15, 13], "rotation": 180, "texture": "#all", "cullface": "north"}
			}
		},
		{
			"from": [3, 1, 0],
			"to": [4, 8, 1],
			"rotation": {"angle": 0, "axis": "y", "origin": [8, 0, 7]},
			"faces": {
				"north": {"uv": [12, 8, 13, 15], "texture": "#all", "cullface": "north"},
				"east": {"uv": [12, 8, 13, 15], "texture": "#all", "cullface": "north"},
				"west": {"uv": [12, 8, 13, 15], "texture": "#all", "cullface": "north"},
				"up": {"uv": [12, 8, 13, 9], "rotation": 180, "texture": "#all", "cullface": "north"}
			}
		},
		{
			"from": [4, 2, 0],
			"to": [5, 4, 1],
			"rotation": {"angle": 0, "axis": "y", "origin": [8, 0, 7]},
			"faces": {
				"north": {"uv": [11, 12, 12, 14], "texture": "#all", "cullface": "north"},
				"east": {"uv": [11, 12, 12, 14], "texture": "#all", "cullface": "north"}
			}
		},



		{
			"from": [0, 9, 9],
			"to": [1, 11, 10],
			"rotation": {"angle": 0, "axis": "y", "origin": [8, 8, 8]},
			"faces": {
				"north": {"uv": [9, 5, 10, 7], "texture": "#all", "cullface": "west"},
				"south": {"uv": [9, 5, 10, 7], "texture": "#all", "cullface": "west"},
				"west": {"uv": [9, 5, 10, 7], "texture": "#all", "cullface": "west"}
			}
		},
		{
			"from": [0, 1, 1],
			"to": [1, 5, 9],
			"rotation": {"angle": 0, "axis": "y", "origin": [8, 8, 8]},
			"faces": {
				"south": {"uv": [8, 11, 9, 15], "texture": "#all", "cullface": "west"},
				"west": {"uv": [1, 11, 9, 15], "texture": "#all", "cullface": "west"},
				"up": {"uv": [1, 11, 9, 12], "rotation": 90, "texture": "#all", "cullface": "west"}
			}
		},
		{
			"from": [0, 5, 1],
			"to": [1, 6, 4],
			"rotation": {"angle": 0, "axis": "y", "origin": [8, 8, 8]},
			"faces": {
				"south": {"uv": [3, 10, 4, 11], "texture": "#all", "cullface": "west"},
				"west": {"uv": [1, 10, 4, 11], "texture": "#all", "cullface": "west"},
				"up": {"uv": [1, 10, 4, 11], "rotation": 90, "texture": "#all", "cullface": "west"}
			}
		},
		{
			"from": [0, 4, 9],
			"to": [1, 5, 12],
			"rotation": {"angle": 0, "axis": "y", "origin": [8, 8, 8]},
			"faces": {
				"west": {"uv": [9, 11, 12, 12], "texture": "#all", "cullface": "west"},
				"up": {"uv": [9, 11, 12, 12], "rotation": 90, "texture": "#all", "cullface": "west"},
				"down": {"uv": [9, 11, 12, 12], "rotation": 270, "texture": "#all", "cullface": "west"}
			}
		},
		{
			"from": [0, 1, 9],
			"to": [1, 2, 12],
			"rotation": {"angle": 0, "axis": "y", "origin": [8, 8, 8]},
			"faces": {
				"west": {"uv": [9, 14, 12, 15], "texture": "#all", "cullface": "west"},
				"up": {"uv": [9, 14, 12, 15], "rotation": 90, "texture": "#all", "cullface": "west"}
			}
		},
		{
			"from": [0, 7, 10],
			"to": [1, 8, 12],
			"rotation": {"angle": 0, "axis": "y", "origin": [8, 8, 8]},
			"faces": {
				"west": {"uv": [10, 8, 12, 9], "texture": "#all", "cullface": "west"},
				"up": {"uv": [10, 8, 12, 9], "rotation": 90, "texture": "#all", "cullface": "west"},
				"down": {"uv": [10, 8, 12, 9], "rotation": 270, "texture": "#all", "cullface": "west"}
			}
		},
		{
			"from": [0, 11, 5],
			"to": [1, 14, 12],
			"rotation": {"angle": 0, "axis": "y", "origin": [8, 8, 8]},
			"faces": {
				"north": {"uv": [5, 2, 6, 5], "texture": "#all", "cullface": "west"},
				"south": {"uv": [11, 2, 12, 5], "texture": "#all", "cullface": "west"},
				"west": {"uv": [5, 2, 12, 5], "texture": "#all", "cullface": "west"},
				"down": {"uv": [5, 4, 12, 5], "rotation": 270, "texture": "#all", "cullface": "west"}
			}
		},
		{
			"from": [0, 14, 1],
			"to": [1, 15, 12],
			"rotation": {"angle": 0, "axis": "y", "origin": [8, 8, 8]},
			"faces": {
				"south": {"uv": [11, 1, 12, 2], "texture": "#all", "cullface": "west"},
				"west": {"uv": [1, 1, 12, 2], "texture": "#all", "cullface": "west"},
				"down": {"uv": [1, 1, 12, 2], "rotation": 270, "texture": "#all", "cullface": "west"}
			}
		},
		{
			"from": [0, 8, 1],
			"to": [1, 11, 7],
			"rotation": {"angle": 0, "axis": "y", "origin": [8, 8, 8]},
			"faces": {
				"south": {"uv": [6, 5, 7, 8], "texture": "#all", "cullface": "west"},
				"west": {"uv": [1, 5, 7, 8], "texture": "#all", "cullface": "west"},
				"up": {"uv": [1, 5, 7, 6], "rotation": 90, "texture": "#all", "cullface": "west"},
				"down": {"uv": [1, 7, 7, 8], "rotation": 270, "texture": "#all", "cullface": "west"}
			}
		},
		{
			"from": [0, 5, 7],
			"to": [1, 9, 10],
			"rotation": {"angle": 0, "axis": "y", "origin": [8, 8, 8]},
			"faces": {
				"north": {"uv": [7, 7, 8, 11], "texture": "#all", "cullface": "west"},
				"south": {"uv": [9, 7, 10, 11], "texture": "#all", "cullface": "west"},
				"west": {"uv": [7, 7, 10, 11], "texture": "#all", "cullface": "west"},
				"up": {"uv": [7, 7, 10, 8], "rotation": 90, "texture": "#all", "cullface": "west"}
			}
		},
		{
			"from": [0, 6, 3],
			"to": [1, 8, 4],
			"rotation": {"angle": 0, "axis": "y", "origin": [8, 8, 8]},
			"faces": {
				"north": {"uv": [3, 8, 4, 10], "texture": "#all", "cullface": "west"},
				"south": {"uv": [3, 8, 4, 10], "texture": "#all", "cullface": "west"},
				"west": {"uv": [3, 8, 4, 10], "texture": "#all", "cullface": "west"}
			}
		},
		{
			"from": [0, 11, 1],
			"to": [1, 14, 2],
			"rotation": {"angle": 0, "axis": "y", "origin": [8, 8, 8]},
			"faces": {
				"south": {"uv": [1, 2, 2, 5], "texture": "#all", "cullface": "west"},
				"west": {"uv": [1, 2, 2, 5], "texture": "#all", "cullface": "west"}
			}
		},
		{
			"from": [0, 6, 13],
			"to": [1, 13, 14],
			"rotation": {"angle": 0, "axis": "y", "origin": [8, 8, 8]},
			"faces": {
				"north": {"uv": [13, 3, 14, 10], "texture": "#all", "cullface": "west"},
				"west": {"uv": [13, 3, 14, 10], "texture": "#all", "cullface": "west"},
				"up": {"uv": [13, 3, 14, 4], "rotation": 90, "texture": "#all", "cullface": "west"},
				"down": {"uv": [13, 9, 14, 10], "rotation": 270, "texture": "#all", "cullface": "west"}
			}
		},
		{
			"from": [0, 11, 12],
			"to": [1, 13, 13],
			"rotation": {"angle": 0, "axis": "y", "origin": [8, 8, 8]},
			"faces": {
				"west": {"uv": [12, 3, 13, 5], "texture": "#all", "cullface": "west"},
				"up": {"uv": [12, 3, 13, 4], "rotation": 90, "texture": "#all", "cullface": "west"},
				"down": {"uv": [12, 4, 13, 5], "rotation": 270, "texture": "#all", "cullface": "west"}
			}
		},
		{
			"from": [0, 6, 14],
			"to": [1, 15, 15],
			"rotation": {"angle": 0, "axis": "y", "origin": [8, 8, 8]},
			"faces": {
				"north": {"uv": [14, 1, 15, 10], "texture": "#all", "cullface": "west"},
				"west": {"uv": [14, 1, 15, 10], "texture": "#all", "cullface": "west"},
				"down": {"uv": [14, 9, 15, 10], "rotation": 270, "texture": "#all", "cullface": "west"}
			}
		},
		{
			"from": [0, 1, 13],
			"to": [1, 4, 15],
			"rotation": {"angle": 0, "axis": "y", "origin": [8, 8, 8]},
			"faces": {
				"west": {"uv": [13, 12, 15, 15], "texture": "#all", "cullface": "west"},
				"up": {"uv": [13, 12, 15, 13], "rotation": 90, "texture": "#all", "cullface": "west"}
			}
		},
		{
			"from": [0, 1, 12],
			"to": [1, 8, 13],
			"rotation": {"angle": 0, "axis": "y", "origin": [8, 8, 8]},
			"faces": {
				"north": {"uv": [12, 8, 13, 15], "texture": "#all", "cullface": "west"},
				"south": {"uv": [12, 8, 13, 15], "texture": "#all", "cullface": "west"},
				"west": {"uv": [12, 8, 13, 15], "texture": "#all", "cullface": "west"},
				"up": {"uv": [12, 8, 13, 9], "rotation": 90, "texture": "#all", "cullface": "west"}
			}
		},
		{
			"from": [0, 2, 11],
			"to": [1, 4, 12],
			"rotation": {"angle": 0, "axis": "y", "origin": [8, 8, 8]},
			"faces": {
				"north": {"uv": [11, 12, 12, 14], "texture": "#all", "cullface": "west"},
				"west": {"uv": [11, 12, 12, 14], "texture": "#all", "cullface": "west"}
			}
		},




		{
			"from": [9, 9, 15],
			"to": [10, 11, 16],
			"rotation": {"angle": 0, "axis": "y", "origin": [8, 8, 8]},
			"faces": {
				"east": {"uv": [9, 5, 10, 7], "texture": "#all", "cullface": "south"},
				"south": {"uv": [9, 5, 10, 7], "texture": "#all", "cullface": "south"},
				"west": {"uv": [9, 5, 10, 7], "texture": "#all", "cullface": "south"}
			}
		},
		{
			"from": [1, 1, 15],
			"to": [9, 5, 16],
			"rotation": {"angle": 0, "axis": "y", "origin": [8, 8, 8]},
			"faces": {
				"east": {"uv": [8, 11, 9, 15], "texture": "#all", "cullface": "south"},
				"south": {"uv": [1, 11, 9, 15], "texture": "#all", "cullface": "south"},
				"up": {"uv": [1, 11, 9, 12], "texture": "#all", "cullface": "south"}
			}
		},
		{
			"from": [1, 5, 15],
			"to": [4, 6, 16],
			"rotation": {"angle": 0, "axis": "y", "origin": [8, 8, 8]},
			"faces": {
				"east": {"uv": [3, 10, 4, 11], "texture": "#all", "cullface": "south"},
				"south": {"uv": [1, 10, 4, 11], "texture": "#all", "cullface": "south"},
				"up": {"uv": [1, 10, 4, 11], "texture": "#all", "cullface": "south"}
			}
		},
		{
			"from": [9, 4, 15],
			"to": [12, 5, 16],
			"rotation": {"angle": 0, "axis": "y", "origin": [8, 8, 8]},
			"faces": {
				"south": {"uv": [9, 11, 12, 12], "texture": "#all", "cullface": "south"},
				"up": {"uv": [9, 11, 12, 12], "texture": "#all", "cullface": "south"},
				"down": {"uv": [9, 11, 12, 12], "texture": "#all", "cullface": "south"}
			}
		},
		{
			"from": [9, 1, 15],
			"to": [12, 2, 16],
			"rotation": {"angle": 0, "axis": "y", "origin": [8, 8, 8]},
			"faces": {
				"south": {"uv": [9, 14, 12, 15], "texture": "#all", "cullface": "south"},
				"up": {"uv": [9, 14, 12, 15], "texture": "#all", "cullface": "south"}
			}
		},
		{
			"from": [10, 7, 15],
			"to": [12, 8, 16],
			"rotation": {"angle": 0, "axis": "y", "origin": [8, 8, 8]},
			"faces": {
				"south": {"uv": [10, 8, 12, 9], "texture": "#all", "cullface": "south"},
				"up": {"uv": [10, 8, 12, 9], "texture": "#all", "cullface": "south"},
				"down": {"uv": [10, 8, 12, 9], "texture": "#all", "cullface": "south"}
			}
		},
		{
			"from": [5, 11, 15],
			"to": [12, 14, 16],
			"rotation": {"angle": 0, "axis": "y", "origin": [8, 8, 8]},
			"faces": {
				"east": {"uv": [11, 2, 12, 5], "texture": "#all", "cullface": "south"},
				"south": {"uv": [5, 2, 12, 5], "texture": "#all", "cullface": "south"},
				"west": {"uv": [5, 2, 6, 5], "texture": "#all", "cullface": "south"},
				"down": {"uv": [5, 4, 12, 5], "texture": "#all", "cullface": "south"}
			}
		},
		{
			"from": [1, 14, 15],
			"to": [12, 15, 16],
			"rotation": {"angle": 0, "axis": "y", "origin": [8, 8, 8]},
			"faces": {
				"east": {"uv": [11, 1, 12, 2], "texture": "#all", "cullface": "south"},
				"south": {"uv": [1, 1, 12, 2], "texture": "#all", "cullface": "south"},
				"down": {"uv": [1, 1, 12, 2], "texture": "#all", "cullface": "south"}
			}
		},
		{
			"from": [1, 8, 15],
			"to": [7, 11, 16],
			"rotation": {"angle": 0, "axis": "y", "origin": [8, 8, 8]},
			"faces": {
				"east": {"uv": [6, 5, 7, 8], "texture": "#all", "cullface": "south"},
				"south": {"uv": [1, 5, 7, 8], "texture": "#all", "cullface": "south"},
				"up": {"uv": [1, 5, 7, 6], "texture": "#all", "cullface": "south"},
				"down": {"uv": [1, 7, 7, 8], "texture": "#all", "cullface": "south"}
			}
		},
		{
			"from": [7, 5, 15],
			"to": [10, 9, 16],
			"rotation": {"angle": 0, "axis": "y", "origin": [8, 8, 8]},
			"faces": {
				"east": {"uv": [9, 7, 10, 11], "texture": "#all", "cullface": "south"},
				"south": {"uv": [7, 7, 10, 11], "texture": "#all", "cullface": "south"},
				"west": {"uv": [7, 7, 8, 11], "texture": "#all", "cullface": "south"},
				"up": {"uv": [7, 7, 10, 8], "texture": "#all", "cullface": "south"}
			}
		},
		{
			"from": [3, 6, 15],
			"to": [4, 8, 16],
			"rotation": {"angle": 0, "axis": "y", "origin": [8, 8, 8]},
			"faces": {
				"east": {"uv": [3, 8, 4, 10], "texture": "#all", "cullface": "south"},
				"south": {"uv": [3, 8, 4, 10], "texture": "#all", "cullface": "south"},
				"west": {"uv": [3, 8, 4, 10], "texture": "#all", "cullface": "south"}
			}
		},
		{
			"from": [1, 11, 15],
			"to": [2, 14, 16],
			"rotation": {"angle": 0, "axis": "y", "origin": [8, 8, 8]},
			"faces": {
				"east": {"uv": [1, 2, 2, 5], "texture": "#all", "cullface": "south"},
				"south": {"uv": [1, 2, 2, 5], "texture": "#all", "cullface": "south"}
			}
		},
		{
			"from": [13, 6, 15],
			"to": [14, 13, 16],
			"rotation": {"angle": 0, "axis": "y", "origin": [8, 8, 8]},
			"faces": {
				"south": {"uv": [13, 3, 14, 10], "texture": "#all", "cullface": "south"},
				"west": {"uv": [13, 3, 14, 10], "texture": "#all", "cullface": "south"},
				"up": {"uv": [13, 3, 14, 4], "texture": "#all", "cullface": "south"},
				"down": {"uv": [13, 9, 14, 10], "texture": "#all", "cullface": "south"}
			}
		},
		{
			"from": [12, 11, 15],
			"to": [13, 13, 16],
			"rotation": {"angle": 0, "axis": "y", "origin": [8, 8, 8]},
			"faces": {
				"south": {"uv": [12, 3, 13, 5], "texture": "#all", "cullface": "south"},
				"up": {"uv": [12, 3, 13, 4], "texture": "#all", "cullface": "south"},
				"down": {"uv": [12, 4, 13, 5], "texture": "#all", "cullface": "south"}
			}
		},
		{
			"from": [14, 6, 15],
			"to": [15, 15, 16],
			"rotation": {"angle": 0, "axis": "y", "origin": [8, 8, 8]},
			"faces": {
				"south": {"uv": [14, 1, 15, 10], "texture": "#all", "cullface": "south"},
				"west": {"uv": [14, 1, 15, 10], "texture": "#all", "cullface": "south"},
				"down": {"uv": [14, 9, 15, 10], "texture": "#all", "cullface": "south"}
			}
		},
		{
			"from": [13, 1, 15],
			"to": [15, 4, 16],
			"rotation": {"angle": 0, "axis": "y", "origin": [8, 8, 8]},
			"faces": {
				"south": {"uv": [13, 12, 15, 15], "texture": "#all", "cullface": "south"},
				"up": {"uv": [13, 12, 15, 13], "texture": "#all", "cullface": "south"}
			}
		},
		{
			"from": [12, 1, 15],
			"to": [13, 8, 16],
			"rotation": {"angle": 0, "axis": "y", "origin": [8, 8, 8]},
			"faces": {
				"east": {"uv": [12, 8, 13, 15], "texture": "#all", "cullface": "south"},
				"south": {"uv": [12, 8, 13, 15], "texture": "#all", "cullface": "south"},
				"west": {"uv": [12, 8, 13, 15], "texture": "#all", "cullface": "south"},
				"up": {"uv": [12, 8, 13, 9], "texture": "#all", "cullface": "south"}
			}
		},
		{
			"from": [11, 2, 15],
			"to": [12, 4, 16],
			"rotation": {"angle": 0, "axis": "y", "origin": [8, 8, 8]},
			"faces": {
				"south": {"uv": [11, 12, 12, 14], "texture": "#all", "cullface": "south"},
				"west": {"uv": [11, 12, 12, 14], "texture": "#all", "cullface": "south"}
			}
		},




		{
			"from": [15, 9, 6],
			"to": [16, 11, 7],
			"rotation": {"angle": 0, "axis": "y", "origin": [8, 8, 8]},
			"faces": {
				"north": {"uv": [9, 5, 10, 7], "texture": "#all", "cullface": "east"},
				"east": {"uv": [9, 5, 10, 7], "texture": "#all", "cullface": "east"},
				"south": {"uv": [9, 5, 10, 7], "texture": "#all", "cullface": "east"}
			}
		},
		{
			"from": [15, 1, 7],
			"to": [16, 5, 15],
			"rotation": {"angle": 0, "axis": "y", "origin": [8, 8, 8]},
			"faces": {
				"north": {"uv": [8, 11, 9, 15], "texture": "#all", "cullface": "east"},
				"east": {"uv": [1, 11, 9, 15], "texture": "#all", "cullface": "east"},
				"up": {"uv": [1, 11, 9, 12], "rotation": 270, "texture": "#all", "cullface": "east"}
			}
		},
		{
			"from": [15, 5, 12],
			"to": [16, 6, 15],
			"rotation": {"angle": 0, "axis": "y", "origin": [8, 8, 8]},
			"faces": {
				"north": {"uv": [3, 10, 4, 11], "texture": "#all", "cullface": "east"},
				"east": {"uv": [1, 10, 4, 11], "texture": "#all", "cullface": "east"},
				"up": {"uv": [1, 10, 4, 11], "rotation": 270, "texture": "#all", "cullface": "east"}
			}
		},
		{
			"from": [15, 4, 4],
			"to": [16, 5, 7],
			"rotation": {"angle": 0, "axis": "y", "origin": [8, 8, 8]},
			"faces": {
				"east": {"uv": [9, 11, 12, 12], "texture": "#all", "cullface": "east"},
				"up": {"uv": [9, 11, 12, 12], "rotation": 270, "texture": "#all", "cullface": "east"},
				"down": {"uv": [9, 11, 12, 12], "rotation": 90, "texture": "#all", "cullface": "east"}
			}
		},
		{
			"from": [15, 1, 4],
			"to": [16, 2, 7],
			"rotation": {"angle": 0, "axis": "y", "origin": [8, 8, 8]},
			"faces": {
				"east": {"uv": [9, 14, 12, 15], "texture": "#all", "cullface": "east"},
				"up": {"uv": [9, 14, 12, 15], "rotation": 270, "texture": "#all", "cullface": "east"}
			}
		},
		{
			"from": [15, 7, 4],
			"to": [16, 8, 6],
			"rotation": {"angle": 0, "axis": "y", "origin": [8, 8, 8]},
			"faces": {
				"east": {"uv": [10, 8, 12, 9], "texture": "#all", "cullface": "east"},
				"up": {"uv": [10, 8, 12, 9], "rotation": 270, "texture": "#all", "cullface": "east"},
				"down": {"uv": [10, 8, 12, 9], "rotation": 90, "texture": "#all", "cullface": "east"}
			}
		},
		{
			"from": [15, 11, 4],
			"to": [16, 14, 11],
			"rotation": {"angle": 0, "axis": "y", "origin": [8, 8, 8]},
			"faces": {
				"north": {"uv": [11, 2, 12, 5], "texture": "#all", "cullface": "east"},
				"east": {"uv": [5, 2, 12, 5], "texture": "#all", "cullface": "east"},
				"south": {"uv": [5, 2, 6, 5], "texture": "#all", "cullface": "east"},
				"down": {"uv": [5, 4, 12, 5], "rotation": 90, "texture": "#all", "cullface": "east"}
			}
		},
		{
			"from": [15, 14, 4],
			"to": [16, 15, 15],
			"rotation": {"angle": 0, "axis": "y", "origin": [8, 8, 8]},
			"faces": {
				"north": {"uv": [11, 1, 12, 2], "texture": "#all", "cullface": "east"},
				"east": {"uv": [1, 1, 12, 2], "texture": "#all", "cullface": "east"},
				"down": {"uv": [1, 1, 12, 2], "rotation": 90, "texture": "#all", "cullface": "east"}
			}
		},
		{
			"from": [15, 8, 9],
			"to": [16, 11, 15],
			"rotation": {"angle": 0, "axis": "y", "origin": [8, 8, 8]},
			"faces": {
				"north": {"uv": [6, 5, 7, 8], "texture": "#all", "cullface": "east"},
				"east": {"uv": [1, 5, 7, 8], "texture": "#all", "cullface": "east"},
				"up": {"uv": [1, 5, 7, 6], "rotation": 270, "texture": "#all", "cullface": "east"},
				"down": {"uv": [1, 7, 7, 8], "rotation": 90, "texture": "#all", "cullface": "east"}
			}
		},
		{
			"from": [15, 5, 6],
			"to": [16, 9, 9],
			"rotation": {"angle": 0, "axis": "y", "origin": [8, 8, 8]},
			"faces": {
				"north": {"uv": [9, 7, 10, 11], "texture": "#all", "cullface": "east"},
				"east": {"uv": [7, 7, 10, 11], "texture": "#all", "cullface": "east"},
				"south": {"uv": [7, 7, 8, 11], "texture": "#all", "cullface": "east"},
				"up": {"uv": [7, 7, 10, 8], "rotation": 270, "texture": "#all", "cullface": "east"}
			}
		},
		{
			"from": [15, 6, 12],
			"to": [16, 8, 13],
			"rotation": {"angle": 0, "axis": "y", "origin": [8, 8, 8]},
			"faces": {
				"north": {"uv": [3, 8, 4, 10], "texture": "#all", "cullface": "east"},
				"east": {"uv": [3, 8, 4, 10], "texture": "#all", "cullface": "east"},
				"south": {"uv": [3, 8, 4, 10], "texture": "#all", "cullface": "east"}
			}
		},
		{
			"from": [15, 11, 14],
			"to": [16, 14, 15],
			"rotation": {"angle": 0, "axis": "y", "origin": [8, 8, 8]},
			"faces": {
				"north": {"uv": [1, 2, 2, 5], "texture": "#all", "cullface": "east"},
				"east": {"uv": [1, 2, 2, 5], "texture": "#all", "cullface": "east"}
			}
		},
		{
			"from": [15, 6, 2],
			"to": [16, 13, 3],
			"rotation": {"angle": 0, "axis": "y", "origin": [8, 8, 8]},
			"faces": {
				"east": {"uv": [13, 3, 14, 10], "texture": "#all", "cullface": "east"},
				"south": {"uv": [13, 3, 14, 10], "texture": "#all", "cullface": "east"},
				"up": {"uv": [13, 3, 14, 4], "rotation": 270, "texture": "#all", "cullface": "east"},
				"down": {"uv": [13, 9, 14, 10], "rotation": 90, "texture": "#all", "cullface": "east"}
			}
		},
		{
			"from": [15, 11, 3],
			"to": [16, 13, 4],
			"rotation": {"angle": 0, "axis": "y", "origin": [8, 8, 8]},
			"faces": {
				"east": {"uv": [12, 3, 13, 5], "texture": "#all", "cullface": "east"},
				"up": {"uv": [12, 3, 13, 4], "rotation": 270, "texture": "#all", "cullface": "east"},
				"down": {"uv": [12, 4, 13, 5], "rotation": 90, "texture": "#all", "cullface": "east"}
			}
		},
		{
			"from": [15, 6, 1],
			"to": [16, 15, 2],
			"rotation": {"angle": 0, "axis": "y", "origin": [8, 8, 8]},
			"faces": {
				"east": {"uv": [14, 1, 15, 10], "texture": "#all", "cullface": "east"},
				"south": {"uv": [14, 1, 15, 10], "texture": "#all", "cullface": "east"},
				"down": {"uv": [14, 9, 15, 10], "rotation": 90, "texture": "#all", "cullface": "east"}
			}
		},
		{
			"from": [15, 1, 1],
			"to": [16, 4, 3],
			"rotation": {"angle": 0, "axis": "y", "origin": [8, 8, 8]},
			"faces": {
				"east": {"uv": [13, 12, 15, 15], "texture": "#all", "cullface": "east"},
				"up": {"uv": [13, 12, 15, 13], "rotation": 270, "texture": "#all", "cullface": "east"}
			}
		},
		{
			"from": [15, 1, 3],
			"to": [16, 8, 4],
			"rotation": {"angle": 0, "axis": "y", "origin": [8, 8, 8]},
			"faces": {
				"north": {"uv": [12, 8, 13, 15], "texture": "#all", "cullface": "east"},
				"east": {"uv": [12, 8, 13, 15], "texture": "#all", "cullface": "east"},
				"south": {"uv": [12, 8, 13, 15], "texture": "#all", "cullface": "east"},
				"up": {"uv": [12, 8, 13, 9], "rotation": 270, "texture": "#all", "cullface": "east"}
			}
		},
		{
			"from": [15, 2, 4],
			"to": [16, 4, 5],
			"rotation": {"angle": 0, "axis": "y", "origin": [8, 8, 8]},
			"faces": {
				"east": {"uv": [11, 12, 12, 14], "texture": "#all", "cullface": "east"},
				"south": {"uv": [11, 12, 12, 14], "texture": "#all", "cullface": "east"}
			}
		},




		{
			"from": [9, 15, 9],
			"to": [11, 16, 10],
			"rotation": {"angle": 0, "axis": "z", "origin": [8, 8, 8]},
			"faces": {
				"north": {"uv": [9, 5, 10, 7], "rotation": 270, "texture": "#all", "cullface": "up"},
				"south": {"uv": [9, 5, 10, 7], "rotation": 90, "texture": "#all", "cullface": "up"},
				"up": {"uv": [9, 5, 10, 7], "rotation": 90, "texture": "#all", "cullface": "up"}
			}
		},
		{
			"from": [1, 15, 1],
			"to": [5, 16, 9],
			"rotation": {"angle": 0, "axis": "z", "origin": [8, 8, 8]},
			"faces": {
				"east": {"uv": [1, 11, 9, 12], "rotation": 180, "texture": "#all", "cullface": "up"},
				"south": {"uv": [8, 11, 9, 15], "rotation": 90, "texture": "#all", "cullface": "up"},
				"up": {"uv": [1, 11, 9, 15], "rotation": 90, "texture": "#all", "cullface": "up"}
			}
		},
		{
			"from": [5, 15, 1],
			"to": [6, 16, 4],
			"rotation": {"angle": 0, "axis": "z", "origin": [8, 8, 8]},
			"faces": {
				"east": {"uv": [1, 10, 4, 11], "rotation": 180, "texture": "#all", "cullface": "up"},
				"south": {"uv": [3, 10, 4, 11], "rotation": 90, "texture": "#all", "cullface": "up"},
				"up": {"uv": [1, 10, 4, 11], "rotation": 90, "texture": "#all", "cullface": "up"}
			}
		},
		{
			"from": [4, 15, 9],
			"to": [5, 16, 12],
			"rotation": {"angle": 0, "axis": "z", "origin": [8, 8, 8]},
			"faces": {
				"east": {"uv": [9, 11, 12, 12], "rotation": 180, "texture": "#all", "cullface": "up"},
				"west": {"uv": [9, 11, 12, 12], "texture": "#all", "cullface": "up"},
				"up": {"uv": [9, 11, 12, 12], "rotation": 90, "texture": "#all", "cullface": "up"}
			}
		},
		{
			"from": [1, 15, 9],
			"to": [2, 16, 12],
			"rotation": {"angle": 0, "axis": "z", "origin": [8, 8, 8]},
			"faces": {
				"east": {"uv": [9, 14, 12, 15], "rotation": 180, "texture": "#all", "cullface": "up"},
				"up": {"uv": [9, 14, 12, 15], "rotation": 90, "texture": "#all", "cullface": "up"}
			}
		},
		{
			"from": [7, 15, 10],
			"to": [8, 16, 12],
			"rotation": {"angle": 0, "axis": "z", "origin": [8, 8, 8]},
			"faces": {
				"east": {"uv": [10, 8, 12, 9], "rotation": 180, "texture": "#all", "cullface": "up"},
				"west": {"uv": [10, 8, 12, 9], "texture": "#all", "cullface": "up"},
				"up": {"uv": [10, 8, 12, 9], "rotation": 90, "texture": "#all", "cullface": "up"}
			}
		},
		{
			"from": [11, 15, 5],
			"to": [14, 16, 12],
			"rotation": {"angle": 0, "axis": "z", "origin": [8, 8, 8]},
			"faces": {
				"north": {"uv": [5, 2, 6, 5], "rotation": 270, "texture": "#all", "cullface": "up"},
				"south": {"uv": [11, 2, 12, 5], "rotation": 90, "texture": "#all", "cullface": "up"},
				"west": {"uv": [5, 4, 12, 5], "texture": "#all", "cullface": "up"},
				"up": {"uv": [5, 2, 12, 5], "rotation": 90, "texture": "#all", "cullface": "up"}
			}
		},
		{
			"from": [14, 15, 1],
			"to": [15, 16, 12],
			"rotation": {"angle": 0, "axis": "z", "origin": [8, 8, 8]},
			"faces": {
				"south": {"uv": [11, 1, 12, 2], "rotation": 90, "texture": "#all", "cullface": "up"},
				"west": {"uv": [1, 1, 12, 2], "texture": "#all", "cullface": "up"},
				"up": {"uv": [1, 1, 12, 2], "rotation": 90, "texture": "#all", "cullface": "up"}
			}
		},
		{
			"from": [8, 15, 1],
			"to": [11, 16, 7],
			"rotation": {"angle": 0, "axis": "z", "origin": [8, 8, 8]},
			"faces": {
				"east": {"uv": [1, 5, 7, 6], "rotation": 180, "texture": "#all", "cullface": "up"},
				"south": {"uv": [6, 5, 7, 8], "rotation": 90, "texture": "#all", "cullface": "up"},
				"west": {"uv": [1, 7, 7, 8], "texture": "#all", "cullface": "up"},
				"up": {"uv": [1, 5, 7, 8], "rotation": 90, "texture": "#all", "cullface": "up"}
			}
		},
		{
			"from": [5, 15, 7],
			"to": [9, 16, 10],
			"rotation": {"angle": 0, "axis": "z", "origin": [8, 8, 8]},
			"faces": {
				"north": {"uv": [7, 7, 8, 11], "rotation": 270, "texture": "#all", "cullface": "up"},
				"east": {"uv": [7, 7, 10, 8], "rotation": 180, "texture": "#all", "cullface": "up"},
				"south": {"uv": [9, 7, 10, 11], "rotation": 90, "texture": "#all", "cullface": "up"},
				"up": {"uv": [7, 7, 10, 11], "rotation": 90, "texture": "#all", "cullface": "up"}
			}
		},
		{
			"from": [6, 15, 3],
			"to": [8, 16, 4],
			"rotation": {"angle": 0, "axis": "z", "origin": [8, 8, 8]},
			"faces": {
				"north": {"uv": [3, 8, 4, 10], "rotation": 270, "texture": "#all", "cullface": "up"},
				"south": {"uv": [3, 8, 4, 10], "rotation": 90, "texture": "#all", "cullface": "up"},
				"up": {"uv": [3, 8, 4, 10], "rotation": 90, "texture": "#all", "cullface": "up"}
			}
		},
		{
			"from": [11, 15, 1],
			"to": [14, 16, 2],
			"rotation": {"angle": 0, "axis": "z", "origin": [8, 8, 8]},
			"faces": {
				"south": {"uv": [1, 2, 2, 5], "rotation": 90, "texture": "#all", "cullface": "up"},
				"up": {"uv": [1, 2, 2, 5], "rotation": 90, "texture": "#all", "cullface": "up"}
			}
		},
		{
			"from": [6, 15, 13],
			"to": [13, 16, 14],
			"rotation": {"angle": 0, "axis": "z", "origin": [8, 8, 8]},
			"faces": {
				"north": {"uv": [13, 3, 14, 10], "rotation": 270, "texture": "#all", "cullface": "up"},
				"east": {"uv": [13, 3, 14, 4], "rotation": 180, "texture": "#all", "cullface": "up"},
				"west": {"uv": [13, 9, 14, 10], "texture": "#all", "cullface": "up"},
				"up": {"uv": [13, 3, 14, 10], "rotation": 90, "texture": "#all", "cullface": "up"}
			}
		},
		{
			"from": [11, 15, 12],
			"to": [13, 16, 13],
			"rotation": {"angle": 0, "axis": "z", "origin": [8, 8, 8]},
			"faces": {
				"east": {"uv": [12, 3, 13, 4], "rotation": 180, "texture": "#all", "cullface": "up"},
				"west": {"uv": [12, 4, 13, 5], "texture": "#all", "cullface": "up"},
				"up": {"uv": [12, 3, 13, 5], "rotation": 90, "texture": "#all", "cullface": "up"}
			}
		},
		{
			"from": [6, 15, 14],
			"to": [15, 16, 15],
			"rotation": {"angle": 0, "axis": "z", "origin": [8, 8, 8]},
			"faces": {
				"north": {"uv": [14, 1, 15, 10], "rotation": 270, "texture": "#all", "cullface": "up"},
				"west": {"uv": [14, 9, 15, 10], "texture": "#all", "cullface": "up"},
				"up": {"uv": [14, 1, 15, 10], "rotation": 90, "texture": "#all", "cullface": "up"}
			}
		},
		{
			"from": [1, 15, 13],
			"to": [4, 16, 15],
			"rotation": {"angle": 0, "axis": "z", "origin": [8, 8, 8]},
			"faces": {
				"east": {"uv": [13, 12, 15, 13], "rotation": 180, "texture": "#all", "cullface": "up"},
				"up": {"uv": [13, 12, 15, 15], "rotation": 90, "texture": "#all", "cullface": "up"}
			}
		},
		{
			"from": [1, 15, 12],
			"to": [8, 16, 13],
			"rotation": {"angle": 0, "axis": "z", "origin": [8, 8, 8]},
			"faces": {
				"north": {"uv": [12, 8, 13, 15], "rotation": 270, "texture": "#all", "cullface": "up"},
				"east": {"uv": [12, 8, 13, 9], "rotation": 180, "texture": "#all", "cullface": "up"},
				"south": {"uv": [12, 8, 13, 15], "rotation": 90, "texture": "#all", "cullface": "up"},
				"up": {"uv": [12, 8, 13, 15], "rotation": 90, "texture": "#all", "cullface": "up"}
			}
		},
		{
			"from": [2, 15, 11],
			"to": [4, 16, 12],
			"rotation": {"angle": 0, "axis": "z", "origin": [8, 8, 8]},
			"faces": {
				"north": {"uv": [11, 12, 12, 14], "rotation": 270, "texture": "#all", "cullface": "up"},
				"up": {"uv": [11, 12, 12, 14], "rotation": 90, "texture": "#all", "cullface": "up"}
			}
		},




		{
			"from": [5, 0, 9],
			"to": [7, 1, 10],
			"rotation": {"angle": 0, "axis": "z", "origin": [8, 8, 8]},
			"faces": {
				"north": {"uv": [9, 5, 10, 7], "rotation": 90, "texture": "#all", "cullface": "down"},
				"south": {"uv": [9, 5, 10, 7], "rotation": 270, "texture": "#all", "cullface": "down"},
				"down": {"uv": [9, 5, 10, 7], "rotation": 270, "texture": "#all", "cullface": "down"}
			}
		},
		{
			"from": [11, 0, 1],
			"to": [15, 1, 9],
			"rotation": {"angle": 0, "axis": "z", "origin": [8, 8, 8]},
			"faces": {
				"south": {"uv": [8, 11, 9, 15], "rotation": 270, "texture": "#all", "cullface": "down"},
				"west": {"uv": [1, 11, 9, 12], "texture": "#all", "cullface": "down"},
				"down": {"uv": [1, 11, 9, 15], "rotation": 270, "texture": "#all", "cullface": "down"}
			}
		},
		{
			"from": [10, 0, 1],
			"to": [11, 1, 4],
			"rotation": {"angle": 0, "axis": "z", "origin": [8, 8, 8]},
			"faces": {
				"south": {"uv": [3, 10, 4, 11], "rotation": 270, "texture": "#all", "cullface": "down"},
				"west": {"uv": [1, 10, 4, 11], "texture": "#all", "cullface": "down"},
				"down": {"uv": [1, 10, 4, 11], "rotation": 270, "texture": "#all", "cullface": "down"}
			}
		},
		{
			"from": [11, 0, 9],
			"to": [12, 1, 12],
			"rotation": {"angle": 0, "axis": "z", "origin": [8, 8, 8]},
			"faces": {
				"east": {"uv": [9, 11, 12, 12], "rotation": 180, "texture": "#all", "cullface": "down"},
				"west": {"uv": [9, 11, 12, 12], "texture": "#all", "cullface": "down"},
				"down": {"uv": [9, 11, 12, 12], "rotation": 270, "texture": "#all", "cullface": "down"}
			}
		},
		{
			"from": [14, 0, 9],
			"to": [15, 1, 12],
			"rotation": {"angle": 0, "axis": "z", "origin": [8, 8, 8]},
			"faces": {
				"west": {"uv": [9, 14, 12, 15], "texture": "#all", "cullface": "down"},
				"down": {"uv": [9, 14, 12, 15], "rotation": 270, "texture": "#all", "cullface": "down"}
			}
		},
		{
			"from": [8, 0, 10],
			"to": [9, 1, 12],
			"rotation": {"angle": 0, "axis": "z", "origin": [8, 8, 8]},
			"faces": {
				"east": {"uv": [10, 8, 12, 9], "rotation": 180, "texture": "#all", "cullface": "down"},
				"west": {"uv": [10, 8, 12, 9], "texture": "#all", "cullface": "down"},
				"down": {"uv": [10, 8, 12, 9], "rotation": 270, "texture": "#all", "cullface": "down"}
			}
		},
		{
			"from": [2, 0, 5],
			"to": [5, 1, 12],
			"rotation": {"angle": 0, "axis": "z", "origin": [8, 8, 8]},
			"faces": {
				"north": {"uv": [5, 2, 6, 5], "rotation": 90, "texture": "#all", "cullface": "down"},
				"east": {"uv": [5, 4, 12, 5], "rotation": 180, "texture": "#all", "cullface": "down"},
				"south": {"uv": [11, 2, 12, 5], "rotation": 270, "texture": "#all", "cullface": "down"},
				"down": {"uv": [5, 2, 12, 5], "rotation": 270, "texture": "#all", "cullface": "down"}
			}
		},
		{
			"from": [1, 0, 1],
			"to": [2, 1, 12],
			"rotation": {"angle": 0, "axis": "z", "origin": [8, 8, 8]},
			"faces": {
				"east": {"uv": [1, 1, 12, 2], "rotation": 180, "texture": "#all", "cullface": "down"},
				"south": {"uv": [11, 1, 12, 2], "rotation": 270, "texture": "#all", "cullface": "down"},
				"down": {"uv": [1, 1, 12, 2], "rotation": 270, "texture": "#all", "cullface": "down"}
			}
		},
		{
			"from": [5, 0, 1],
			"to": [8, 1, 7],
			"rotation": {"angle": 0, "axis": "z", "origin": [8, 8, 8]},
			"faces": {
				"east": {"uv": [1, 7, 7, 8], "rotation": 180, "texture": "#all", "cullface": "down"},
				"south": {"uv": [6, 5, 7, 8], "rotation": 270, "texture": "#all", "cullface": "down"},
				"west": {"uv": [1, 5, 7, 6], "texture": "#all", "cullface": "down"},
				"down": {"uv": [1, 5, 7, 8], "rotation": 270, "texture": "#all", "cullface": "down"}
			}
		},
		{
			"from": [7, 0, 7],
			"to": [11, 1, 10],
			"rotation": {"angle": 0, "axis": "z", "origin": [8, 8, 8]},
			"faces": {
				"north": {"uv": [7, 7, 8, 11], "rotation": 90, "texture": "#all", "cullface": "down"},
				"south": {"uv": [9, 7, 10, 11], "rotation": 270, "texture": "#all", "cullface": "down"},
				"west": {"uv": [7, 7, 10, 8], "texture": "#all", "cullface": "down"},
				"down": {"uv": [7, 7, 10, 11], "rotation": 270, "texture": "#all", "cullface": "down"}
			}
		},
		{
			"from": [8, 0, 3],
			"to": [10, 1, 4],
			"rotation": {"angle": 0, "axis": "z", "origin": [8, 8, 8]},
			"faces": {
				"north": {"uv": [3, 8, 4, 10], "rotation": 90, "texture": "#all", "cullface": "down"},
				"south": {"uv": [3, 8, 4, 10], "rotation": 270, "texture": "#all", "cullface": "down"},
				"down": {"uv": [3, 8, 4, 10], "rotation": 270, "texture": "#all", "cullface": "down"}
			}
		},
		{
			"from": [2, 0, 1],
			"to": [5, 1, 2],
			"rotation": {"angle": 0, "axis": "z", "origin": [8, 8, 8]},
			"faces": {
				"south": {"uv": [1, 2, 2, 5], "rotation": 270, "texture": "#all", "cullface": "down"},
				"down": {"uv": [1, 2, 2, 5], "rotation": 270, "texture": "#all", "cullface": "down"}
			}
		},
		{
			"from": [3, 0, 13],
			"to": [10, 1, 14],
			"rotation": {"angle": 0, "axis": "z", "origin": [8, 8, 8]},
			"faces": {
				"north": {"uv": [13, 3, 14, 10], "rotation": 90, "texture": "#all", "cullface": "down"},
				"east": {"uv": [13, 9, 14, 10], "rotation": 180, "texture": "#all", "cullface": "down"},
				"west": {"uv": [13, 3, 14, 4], "texture": "#all", "cullface": "down"},
				"down": {"uv": [13, 3, 14, 10], "rotation": 270, "texture": "#all", "cullface": "down"}
			}
		},
		{
			"from": [3, 0, 12],
			"to": [5, 1, 13],
			"rotation": {"angle": 0, "axis": "z", "origin": [8, 8, 8]},
			"faces": {
				"east": {"uv": [12, 4, 13, 5], "rotation": 180, "texture": "#all", "cullface": "down"},
				"west": {"uv": [12, 3, 13, 4], "texture": "#all", "cullface": "down"},
				"down": {"uv": [12, 3, 13, 5], "rotation": 270, "texture": "#all", "cullface": "down"}
			}
		},
		{
			"from": [1, 0, 14],
			"to": [10, 1, 15],
			"rotation": {"angle": 0, "axis": "z", "origin": [8, 8, 8]},
			"faces": {
				"north": {"uv": [14, 1, 15, 10], "rotation": 90, "texture": "#all", "cullface": "down"},
				"east": {"uv": [14, 9, 15, 10], "rotation": 180, "texture": "#all", "cullface": "down"},
				"down": {"uv": [14, 1, 15, 10], "rotation": 270, "texture": "#all", "cullface": "down"}
			}
		},
		{
			"from": [12, 0, 13],
			"to": [15, 1, 15],
			"rotation": {"angle": 0, "axis": "z", "origin": [8, 8, 8]},
			"faces": {
				"west": {"uv": [13, 12, 15, 13], "texture": "#all", "cullface": "down"},
				"down": {"uv": [13, 12, 15, 15], "rotation": 270, "texture": "#all", "cullface": "down"}
			}
		},
		{
			"from": [8, 0, 12],
			"to": [15, 1, 13],
			"rotation": {"angle": 0, "axis": "z", "origin": [8, 8, 8]},
			"faces": {
				"north": {"uv": [12, 8, 13, 15], "rotation": 90, "texture": "#all", "cullface": "down"},
				"south": {"uv": [12, 8, 13, 15], "rotation": 270, "texture": "#all", "cullface": "down"},
				"west": {"uv": [12, 8, 13, 9], "texture": "#all", "cullface": "down"},
				"down": {"uv": [12, 8, 13, 15], "rotation": 270, "texture": "#all", "cullface": "down"}
			}
		},
		{
			"from": [12, 0, 11],
			"to": [14, 1, 12],
			"rotation": {"angle": 0, "axis": "z", "origin": [8, 8, 8]},
			"faces": {
				"north": {"uv": [11, 12, 12, 14], "rotation": 90, "texture": "#all", "cullface": "down"},
				"down": {"uv": [11, 12, 12, 14], "rotation": 270, "texture": "#all", "cullface": "down"}
			}
		},




		{
			"from": [0, 1, 15],
			"to": [1, 15, 16],
			"rotation": {"angle": 0, "axis": "y", "origin": [8, 8, 8]},
			"faces": {
				"north": {"uv": [15, 1, 16, 15], "texture": "#all", "cullface": "west"},
				"east": {"uv": [0, 1, 1, 15], "texture": "#all", "cullface": "south"},
				"south": {"uv": [0, 1, 1, 15], "texture": "#all", "cullface": "south"},
				"west": {"uv": [15, 1, 16, 15], "texture": "#all", "cullface": "west"}
			}
		},

		{
			"from": [15, 1, 15],
			"to": [16, 15, 16],
			"rotation": {"angle": 0, "axis": "y", "origin": [8, 8, 8]},
			"faces": {
				"north": {"uv": [0, 1, 1, 15], "texture": "#all", "cullface": "east"},
				"east": {"uv": [0, 1, 1, 15], "texture": "#all", "cullface": "east"},
				"south": {"uv": [15, 1, 16, 15], "texture": "#all", "cullface": "south"},
				"west": {"uv": [15, 1, 16, 15], "texture": "#all", "cullface": "south"}
			}
		},

		{
			"from": [0, 1, 0],
			"to": [1, 15, 1],
			"rotation": {"angle": 0, "axis": "z", "origin": [8, 8, 8]},
			"faces": {
				"north": {"uv": [15, 1, 16, 15], "texture": "#all", "cullface": "north"},
				"east": {"uv": [15, 1, 16, 15], "texture": "#all", "cullface": "north"},
				"south": {"uv": [0, 1, 1, 15], "texture": "#all", "cullface": "west"},
				"west": {"uv": [0, 1, 1, 15], "texture": "#all", "cullface": "west"}
			}
		},

		{
			"from": [15, 1, 0],
			"to": [16, 15, 1],
			"rotation": {"angle": 0, "axis": "z", "origin": [8, 8, 8]},
			"faces": {
				"north": {"uv": [0, 1, 1, 15], "texture": "#all", "cullface": "north"},
				"east": {"uv": [15, 1, 16, 15], "texture": "#all", "cullface": "east"},
				"south": {"uv": [15, 1, 16, 15], "texture": "#all", "cullface": "east"},
				"west": {"uv": [0, 1, 1, 15], "texture": "#all", "cullface": "north"}
			}
		},




		{
			"from": [1, 0, 0],
			"to": [15, 1, 1],
			"rotation": {"angle": 0, "axis": "y", "origin": [8, 8, 8]},
			"faces": {
				"north": {"uv": [1, 15, 15, 16], "rotation": 180, "texture": "#all", "cullface": "north"},
				"south": {"uv": [0, 1, 1, 15], "rotation": 270, "texture": "#all", "cullface": "down"},
				"up": {"uv": [1, 0, 15, 1], "texture": "#all", "cullface": "north"},
				"down": {"uv": [0, 1, 1, 15], "rotation": 270, "texture": "#all", "cullface": "down"}
			}
		},

		{
			"from": [0, 0, 1],
			"to": [1, 1, 15],
			"rotation": {"angle": 0, "axis": "y", "origin": [8, 8, 8]},
			"faces": {
				"east": {"uv": [1, 0, 15, 1], "rotation": 180, "texture": "#all", "cullface": "down"},
				"west": {"uv": [1, 0, 15, 1], "rotation": 180, "texture": "#all", "cullface": "west"},
				"up": {"uv": [1, 0, 15, 1], "rotation": 270, "texture": "#all", "cullface": "west"},
				"down": {"uv": [1, 0, 15, 1], "rotation": 270, "texture": "#all", "cullface": "down"}
			}
		},

		{
			"from": [1, 0, 15],
			"to": [15, 1, 16],
			"rotation": {"angle": 0, "axis": "y", "origin": [8, 8, 8]},
			"faces": {
				"north": {"uv": [15, 1, 16, 15], "rotation": 90, "texture": "#all", "cullface": "down"},
				"south": {"uv": [1, 0, 15, 1], "rotation": 180, "texture": "#all", "cullface": "south"},
				"up": {"uv": [1, 0, 15, 1], "rotation": 180, "texture": "#all", "cullface": "south"},
				"down": {"uv": [15, 1, 16, 15], "rotation": 270, "texture": "#all", "cullface": "down"}
			}
		},

		{
			"from": [15, 0, 1],
			"to": [16, 1, 15],
			"rotation": {"angle": 0, "axis": "y", "origin": [8, 8, 8]},
			"faces": {
				"east": {"uv": [1, 0, 15, 1], "rotation": 180, "texture": "#all", "cullface": "east"},
				"up": {"uv": [1, 0, 15, 1], "rotation": 90, "texture": "#all", "cullface": "down"},
				"down": {"uv": [1, 15, 15, 16], "rotation": 270, "texture": "#all", "cullface": "down"}
			}
		},



		{
			"from": [1, 15, 0],
			"to": [15, 16, 1],
			"rotation": {"angle": 0, "axis": "y", "origin": [8, 8, 8]},
			"faces": {
				"north": {"uv": [1, 15, 15, 16], "texture": "#all", "cullface": "north"},
				"south": {"uv": [0, 1, 1, 15], "rotation": 90, "texture": "#all", "cullface": "up"},
				"up": {"uv": [0, 1, 1, 15], "rotation": 90, "texture": "#all", "cullface": "up"},
				"down": {"uv": [1, 0, 15, 1], "rotation": 180, "texture": "#all", "cullface": "north"}
			}
		},

		{
			"from": [15, 15, 1],
			"to": [16, 16, 15],
			"rotation": {"angle": 0, "axis": "y", "origin": [8, 8, 8]},
			"faces": {
				"east": {"uv": [1, 0, 15, 1], "texture": "#all", "cullface": "east"},
				"west": {"uv": [1, 0, 15, 1], "texture": "#all", "cullface": "up"},
				"up": {"uv": [1, 0, 15, 1], "rotation": 90, "texture": "#all", "cullface": "up"},
				"down": {"uv": [1, 0, 15, 1], "rotation": 90, "texture": "#all", "cullface": "east"}
			}
		},

		{
			"from": [1, 15, 15],
			"to": [15, 16, 16],
			"rotation": {"angle": 0, "axis": "y", "origin": [8, 8, 8]},
			"faces": {
				"north": {"uv": [15, 1, 16, 15], "rotation": 270, "texture": "#all", "cullface": "up"},
				"south": {"uv": [1, 0, 15, 1], "texture": "#all", "cullface": "south"},
				"up": {"uv": [15, 1, 16, 15], "rotation": 90, "texture": "#all", "cullface": "up"},
				"down": {"uv": [1, 0, 15, 1], "texture": "#all", "cullface": "south"}
			}
		},

		{
			"from": [0, 15, 1],
			"to": [1, 16, 15],
			"rotation": {"angle": 0, "axis": "y", "origin": [8, 8, 8]},
			"faces": {
				"west": {"uv": [1, 0, 15, 1], "texture": "#all", "cullface": "west"},
				"up": {"uv": [1, 15, 15, 16], "rotation": 90, "texture": "#all", "cullface": "up"},
				"down": {"uv": [1, 0, 15, 1], "rotation": 270, "texture": "#all", "cullface": "west"}
			}
		},



		{
			"from": [15, 15, 0],
			"to": [16, 16, 1],
			"rotation": {"angle": 0, "axis": "y", "origin": [8, 16, 8]},
			"faces": {
				"north": {"uv": [15, 15, 16, 16], "rotation": 180, "texture": "#all", "cullface": "north"},
				"east": {"uv": [0, 15, 1, 16], "rotation": 180, "texture": "#all", "cullface": "east"},
				"up": {"uv": [0, 0, 1, 1], "rotation": 90, "texture": "#all", "cullface": "up"}
			}
		},
		{
			"from": [0, 15, 0],
			"to": [1, 16, 1],
			"rotation": {"angle": 0, "axis": "y", "origin": [8, 16, 8]},
			"faces": {
				"north": {"uv": [0, 15, 1, 16], "rotation": 180, "texture": "#all", "cullface": "north"},
				"west": {"uv": [15, 15, 16, 16], "rotation": 180, "texture": "#all", "cullface": "west"},
				"up": {"uv": [0, 15, 1, 16], "texture": "#all", "cullface": "up"}
			}
		},
		{
			"from": [0, 15, 15],
			"to": [1, 16, 16],
			"rotation": {"angle": 0, "axis": "y", "origin": [8, 16, 8]},
			"faces": {
				"south": {"uv": [15, 15, 16, 16], "rotation": 180, "texture": "#all", "cullface": "south"},
				"west": {"uv": [0, 15, 1, 16], "rotation": 180, "texture": "#all", "cullface": "west"},
				"up": {"uv": [15, 15, 16, 16], "rotation": 270, "texture": "#all", "cullface": "up"}
			}
		},
		{
			"from": [15, 15, 15],
			"to": [16, 16, 16],
			"rotation": {"angle": 0, "axis": "y", "origin": [8, 16, 8]},
			"faces": {
				"east": {"uv": [15, 15, 16, 16], "rotation": 180, "texture": "#all", "cullface": "east"},
				"south": {"uv": [0, 15, 1, 16], "rotation": 180, "texture": "#all", "cullface": "south"},
				"up": {"uv": [15, 0, 16, 1], "rotation": 180, "texture": "#all", "cullface": "up"}
			}
		},
		{
			"from": [0, 0, 0],
			"to": [1, 1, 1],
			"rotation": {"angle": 0, "axis": "y", "origin": [8, 0, 7]},
			"faces": {
				"north": {"uv": [15, 15, 16, 16], "texture": "#all", "cullface": "north"},
				"west": {"uv": [0, 15, 1, 16], "texture": "#all", "cullface": "west"},
				"down": {"uv": [0, 0, 1, 1], "rotation": 270, "texture": "#all", "cullface": "down"}
			}
		},
		{
			"from": [15, 0, 0],
			"to": [16, 1, 1],
			"rotation": {"angle": 0, "axis": "y", "origin": [16, 0, 0]},
			"faces": {
				"north": {"uv": [0, 15, 1, 16], "texture": "#all", "cullface": "north"},
				"east": {"uv": [15, 15, 16, 16], "texture": "#all", "cullface": "east"},
				"down": {"uv": [0, 15, 1, 16], "rotation": 180, "texture": "#all", "cullface": "down"}
			}
		},
		{
			"from": [15, 0, 15],
			"to": [16, 1, 16],
			"rotation": {"angle": 0, "axis": "y", "origin": [16, 0, 16]},
			"faces": {
				"east": {"uv": [0, 15, 1, 16], "texture": "#all", "cullface": "east"},
				"south": {"uv": [15, 15, 16, 16], "texture": "#all", "cullface": "south"},
				"down": {"uv": [15, 15, 16, 16], "rotation": 90, "texture": "#all", "cullface": "down"}
			}
		},
		{
			"from": [0, 0, 15],
			"to": [1, 1, 16],
			"rotation": {"angle": 0, "axis": "y", "origin": [0, 0, 16]},
			"faces": {
				"south": {"uv": [0, 15, 1, 16], "texture": "#all", "cullface": "south"},
				"west": {"uv": [15, 15, 16, 16], "texture": "#all", "cullface": "west"},
				"down": {"uv": [15, 0, 16, 1], "texture": "#all", "cullface": "down"}
			}
		}
	],
	"groups": [
		0,
		{
			"name": "group",
			"origin": [8, 0, 7],
			"color": 0,
			"children": [1, 2, 3, 4, 5, 6, 7, 8, 9, 10, 11, 12, 13, 14, 15, 16, 17, 18]
		},
		{
			"name": "group",
			"origin": [8, 0, 7],
			"color": 0,
			"children": [19, 20, 21, 22, 23, 24, 25, 26, 27, 28, 29, 30, 31, 32, 33, 34, 35, 36]
		},
		{
			"name": "group",
			"origin": [8, 0, 7],
			"color": 0,
			"children": [37, 38, 39, 40, 41, 42, 43, 44, 45, 46, 47, 48, 49, 50, 51, 52, 53, 54]
		},
		{
			"name": "group",
			"origin": [8, 0, 7],
			"color": 0,
			"children": [55, 56, 57, 58, 59, 60, 61, 62, 63, 64, 65, 66, 67, 68, 69, 70, 71, 72]
		},
		{
			"name": "group",
			"origin": [8, 0, 7],
			"color": 0,
			"children": [73, 74, 75, 76, 77, 78, 79, 80, 81, 82, 83, 84, 85, 86, 87, 88, 89, 90]
		},
		{
			"name": "group",
			"origin": [8, 0, 7],
			"color": 0,
			"children": [91, 92, 93, 94, 95, 96, 97, 98, 99, 100, 101, 102, 103, 104, 105, 106, 107, 108]
		},
		{
			"name": "group",
			"origin": [8, 0, 7],
			"color": 0,
			"children": [109, 110, 111, 112]
		},
		{
			"name": "group",
			"origin": [8, 0, 7],
			"color": 0,
			"children": [113, 114, 115, 116]
		},
		{
			"name": "group",
			"origin": [8, 0, 7],
			"color": 0,
			"children": [117, 118, 119, 120]
		},
		{
			"name": "group",
			"origin": [0, 0, 16],
			"color": 0,
			"children": [121, 122, 123, 124]
		},
		{
			"name": "group",
			"origin": [0, 0, 16],
			"color": 0,
			"children": [125, 126, 127, 128]
		}
	]
}
