{
	"credit": "Made with Blockbench",
	"parent": "block/block",
	"textures": {
		"particle": "block/dirt",
		"bottom": "block/dirt",
		"top": "block/grass_block_top_01",
		"side": "block/grass_block_side",
		"overlay": "block/grass_block_side_overlay"
	},
	"elements": [
		{
			"from": [0, 0, 0],
			"to": [16, 16, 16],
			"faces": {
				"north": {"uv": [0, 0, 16, 16], "texture": "#side", "cullface": "north"},
				"east": {"uv": [0, 0, 16, 16], "texture": "#side", "cullface": "east"},
				"south": {"uv": [0, 0, 16, 16], "texture": "#side", "cullface": "south"},
				"west": {"uv": [0, 0, 16, 16], "texture": "#side", "cullface": "west"},
				"up": {"uv": [0, 0, 16, 16], "texture": "#top", "cullface": "up", "tintindex": 0},
				"down": {"uv": [0, 0, 16, 16], "texture": "#bottom", "cullface": "down"}
			}
		},
		{
			"from": [0, 0, 0],
			"to": [16, 16, 16],
			"faces": {
				"north": {"uv": [0, 0, 16, 16], "texture": "#overlay", "cullface": "north", "tintindex": 0},
				"east": {"uv": [0, 0, 16, 16], "texture": "#overlay", "cullface": "east", "tintindex": 0},
				"south": {"uv": [0, 0, 16, 16], "texture": "#overlay", "cullface": "south", "tintindex": 0},
				"west": {"uv": [0, 0, 16, 16], "texture": "#overlay", "cullface": "west", "tintindex": 0}
			}
		},
		{
			"from": [11, 15.25, 8],
			"to": [12, 16.25, 9],
			"faces": {
				"north": {"uv": [11, 8, 12, 9], "texture": "#top", "cullface": "up"},
				"east": {"uv": [11, 8, 12, 9], "texture": "#top", "cullface": "up"},
				"west": {"uv": [11, 8, 12, 9], "texture": "#top", "cullface": "up"},
				"up": {"uv": [11, 8, 12, 9], "texture": "#top", "cullface": "up"}
			}
		},
		{
			"from": [10, 15.25, 9],
			"to": [13, 16.25, 10],
			"faces": {
				"north": {"uv": [10, 9, 13, 10], "texture": "#top", "cullface": "up"},
				"east": {"uv": [12, 9, 13, 10], "texture": "#top", "cullface": "up"},
				"south": {"uv": [10, 9, 13, 10], "texture": "#top", "cullface": "up"},
				"west": {"uv": [10, 9, 11, 10], "texture": "#top", "cullface": "up"},
				"up": {"uv": [10, 9, 13, 10], "texture": "#top", "cullface": "up"}
			}
		},
		{
			"from": [11, 15.25, 10],
			"to": [12, 16.25, 11],
			"faces": {
				"east": {"uv": [11, 10, 12, 11], "texture": "#top", "cullface": "up"},
				"south": {"uv": [11, 10, 12, 11], "texture": "#top", "cullface": "up"},
				"west": {"uv": [11, 10, 12, 11], "texture": "#top", "cullface": "up"},
				"up": {"uv": [11, 10, 12, 11], "texture": "#top", "cullface": "up"}
			}
		},
		{
			"from": [2, 15.25, 11],
			"to": [3, 16.25, 12],
			"faces": {
				"north": {"uv": [8, 2, 9, 3], "texture": "#top", "cullface": "up"},
				"east": {"uv": [8, 2, 9, 3], "texture": "#top", "cullface": "up"},
				"west": {"uv": [8, 2, 9, 3], "texture": "#top", "cullface": "up"},
				"up": {"uv": [8, 2, 9, 3], "texture": "#top", "cullface": "up"}
			}
		},
		{
			"from": [1, 15.25, 12],
			"to": [4, 16.25, 13],
			"faces": {
				"north": {"uv": [7, 3, 10, 4], "texture": "#top", "cullface": "up"},
				"east": {"uv": [9, 3, 10, 4], "texture": "#top", "cullface": "up"},
				"south": {"uv": [7, 3, 10, 4], "texture": "#top", "cullface": "up"},
				"west": {"uv": [7, 3, 8, 4], "texture": "#top", "cullface": "up"},
				"up": {"uv": [7, 3, 10, 4], "texture": "#top", "cullface": "up"}
			}
		},
		{
			"from": [2, 15.25, 13],
			"to": [3, 16.25, 14],
			"faces": {
				"east": {"uv": [8, 4, 9, 5], "texture": "#top", "cullface": "up"},
				"south": {"uv": [8, 4, 9, 5], "texture": "#top", "cullface": "up"},
				"west": {"uv": [8, 4, 9, 5], "texture": "#top", "cullface": "up"},
				"up": {"uv": [8, 4, 9, 5], "texture": "#top", "cullface": "up"}
			}
		},
		{
			"from": [8, 15.25, 2],
			"to": [9, 16.25, 3],
			"faces": {
				"north": {"uv": [8, 2, 9, 3], "texture": "#top", "cullface": "up"},
				"east": {"uv": [8, 2, 9, 3], "texture": "#top", "cullface": "up"},
				"west": {"uv": [8, 2, 9, 3], "texture": "#top", "cullface": "up"},
				"up": {"uv": [8, 2, 9, 3], "texture": "#top", "cullface": "up"}
			}
		},
		{
			"from": [7, 15.25, 3],
			"to": [10, 16.25, 4],
			"faces": {
				"north": {"uv": [7, 3, 10, 4], "texture": "#top", "cullface": "up"},
				"east": {"uv": [9, 3, 10, 4], "texture": "#top", "cullface": "up"},
				"south": {"uv": [7, 3, 10, 4], "texture": "#top", "cullface": "up"},
				"west": {"uv": [7, 3, 8, 4], "texture": "#top", "cullface": "up"},
				"up": {"uv": [7, 3, 10, 4], "texture": "#top", "cullface": "up"}
			}
		},
		{
			"from": [8, 15.25, 4],
			"to": [9, 16.25, 5],
			"faces": {
				"east": {"uv": [8, 4, 9, 5], "texture": "#top", "cullface": "up"},
				"south": {"uv": [8, 4, 9, 5], "texture": "#top", "cullface": "up"},
				"west": {"uv": [8, 4, 9, 5], "texture": "#top", "cullface": "up"},
				"up": {"uv": [8, 4, 9, 5], "texture": "#top", "cullface": "up"}
			}
		}
	]
}