{
	"credit": "Made with Blockbench",
	"parent": "block/block",
	"ambientocclusion": false,
	"textures": {
		"3": "block/pumpkin_inside_01",
		"4": "block/pumpkin_inside_02",
		"5": "block/carved_pumpkin_inside",
		"6": "block/lantern_candle",
		"top": "block/pumpkin_top",
		"particle": "block/carved_pumpkin",
		"front": "block/carved_pumpkin",
		"side": "block/pumpkin_side"
	},
	"elements": [
		{
			"from": [6.75, 1, 6.75],
			"to": [9.25, 2, 9.25],
			"faces": {
				"north": {"uv": [0, 6, 1, 8.5], "rotation": 90, "texture": "#6", "cullface": "north"},
				"east": {"uv": [0, 6, 1, 8.5], "rotation": 90, "texture": "#6", "cullface": "north"},
				"south": {"uv": [0, 6, 1, 8.5], "rotation": 90, "texture": "#6", "cullface": "north"},
				"west": {"uv": [0, 6, 1, 8.5], "rotation": 90, "texture": "#6", "cullface": "north"},
				"up": {"uv": [0, 6, 1.5, 7.5], "rotation": 90, "texture": "#6", "cullface": "north"}
			}
		},
		{
			"from": [1, 12, 0],
			"to": [15, 15, 1],
			"faces": {
				"north": {"uv": [1, 1, 15, 4], "texture": "#front", "cullface": "north"},
				"south": {"uv": [1, 1, 15, 4], "texture": "#front", "cullface": "north"},
				"down": {"uv": [1, 3, 15, 4], "rotation": 180, "texture": "#front", "cullface": "north"}
			}
		},
		{
			"from": [13, 1, 0],
			"to": [15, 12, 1],
			"faces": {
				"north": {"uv": [1, 4, 3, 15], "texture": "#front", "cullface": "north"},
				"south": {"uv": [1, 4, 3, 15], "texture": "#front", "cullface": "north"},
				"west": {"uv": [2, 4, 3, 15], "texture": "#side", "cullface": "north"}
			}
		},
		{
			"from": [7, 6, 0],
			"to": [9, 12, 1],
			"faces": {
				"north": {"uv": [7, 4, 9, 10], "texture": "#front", "cullface": "north"},
				"east": {"uv": [7, 4, 8, 10], "texture": "#front", "cullface": "north"},
				"south": {"uv": [7, 4, 9, 10], "texture": "#front", "cullface": "north"},
				"west": {"uv": [8, 4, 9, 10], "texture": "#front", "cullface": "north"},
				"down": {"uv": [7, 9, 9, 10], "rotation": 180, "texture": "#front", "cullface": "north"}
			}
		},
		{
			"from": [3, 6, 0],
			"to": [5, 8, 1],
			"faces": {
				"north": {"uv": [11, 8, 13, 10], "texture": "#front", "cullface": "north"},
				"south": {"uv": [11, 8, 13, 10], "texture": "#5", "cullface": "north"},
				"up": {"uv": [11, 8, 13, 9], "rotation": 180, "texture": "#front", "cullface": "north"},
				"down": {"uv": [11, 9, 13, 10], "rotation": 180, "texture": "#front", "cullface": "north"}
			}
		},
		{
			"from": [5, 5, 0],
			"to": [7, 8, 1],
			"faces": {
				"north": {"uv": [9, 10, 11, 11], "texture": "#front", "cullface": "north"},
				"east": {"uv": [9, 8, 10, 11], "texture": "#front", "cullface": "north"},
				"south": {"uv": [9, 8, 11, 11], "texture": "#5", "cullface": "north"},
				"west": {"uv": [10, 8, 11, 11], "texture": "#front", "cullface": "north"},
				"up": {"uv": [9, 8, 11, 9], "rotation": 180, "texture": "#front", "cullface": "north"},
				"down": {"uv": [9, 10, 11, 11], "rotation": 180, "texture": "#front", "cullface": "north"}
			}
		},
		{
			"from": [9, 5, 0],
			"to": [11, 8, 1],
			"faces": {
				"north": {"uv": [5, 10, 7, 11], "texture": "#front", "cullface": "north"},
				"east": {"uv": [5, 8, 6, 11], "texture": "#front", "cullface": "north"},
				"south": {"uv": [5, 8, 7, 11], "texture": "#5", "cullface": "north"},
				"west": {"uv": [6, 8, 7, 11], "texture": "#front", "cullface": "north"},
				"up": {"uv": [5, 8, 7, 9], "texture": "#front", "cullface": "north"},
				"down": {"uv": [5, 10, 7, 11], "rotation": 180, "texture": "#front", "cullface": "north"}
			}
		},
		{
			"from": [11, 6, 0],
			"to": [13, 8, 1],
			"faces": {
				"north": {"uv": [3, 8, 5, 10], "texture": "#front", "cullface": "north"},
				"south": {"uv": [3, 8, 5, 10], "texture": "#5", "cullface": "north"},
				"up": {"uv": [3, 8, 5, 9], "texture": "#front", "cullface": "north"},
				"down": {"uv": [3, 9, 5, 10], "rotation": 180, "texture": "#front", "cullface": "north"}
			}
		},
		{
			"from": [1, 1, 0],
			"to": [3, 12, 1],
			"faces": {
				"north": {"uv": [13, 4, 15, 15], "texture": "#front", "cullface": "north"},
				"east": {"uv": [13, 4, 14, 15], "texture": "#front", "cullface": "north"},
				"south": {"uv": [13, 4, 15, 15], "texture": "#5", "cullface": "north"}
			}
		},
		{
			"from": [3, 2, 0],
			"to": [5, 3, 1],
			"faces": {
				"north": {"uv": [11, 13, 13, 14], "texture": "#front", "cullface": "north"},
				"east": {"uv": [11, 13, 12, 14], "texture": "#front", "cullface": "north"},
				"south": {"uv": [11, 13, 13, 14], "texture": "#5", "cullface": "north"},
				"up": {"uv": [11, 13, 13, 14], "rotation": 180, "texture": "#front", "cullface": "north"}
			}
		},
		{
			"from": [3, 1, 0],
			"to": [13, 2, 1],
			"faces": {
				"north": {"uv": [3, 14, 13, 15], "texture": "#front", "cullface": "north"},
				"south": {"uv": [3, 14, 13, 15], "texture": "#5", "cullface": "north"},
				"up": {"uv": [3, 14, 13, 15], "rotation": 180, "texture": "#front", "cullface": "north"}
			}
		},
		{
			"from": [7, 2, 0],
			"to": [9, 3, 1],
			"faces": {
				"north": {"uv": [7, 13, 9, 14], "texture": "#front", "cullface": "north"},
				"east": {"uv": [7, 13, 8, 14], "texture": "#front", "cullface": "north"},
				"south": {"uv": [7, 13, 9, 14], "texture": "#5", "cullface": "north"},
				"west": {"uv": [8, 13, 9, 14], "texture": "#front", "cullface": "north"},
				"up": {"uv": [7, 13, 9, 14], "rotation": 180, "texture": "#front", "cullface": "north"}
			}
		},
		{
			"from": [11, 2, 0],
			"to": [13, 3, 1],
			"faces": {
				"north": {"uv": [3, 13, 5, 14], "texture": "#front", "cullface": "north"},
				"south": {"uv": [3, 13, 5, 14], "texture": "#5", "cullface": "north"},
				"west": {"uv": [4, 13, 5, 14], "texture": "#front", "cullface": "north"},
				"up": {"uv": [3, 13, 5, 14], "rotation": 180, "texture": "#front", "cullface": "north"}
			}
		},
		{
			"from": [6, 1, 6],
			"to": [10, 1.5, 10],
			"faces": {
				"north": {"uv": [6, 9.5, 10, 10], "rotation": 180, "texture": "#4", "cullface": "north"},
				"east": {"uv": [9.5, 6, 10, 10], "rotation": 90, "texture": "#4", "cullface": "north"},
				"south": {"uv": [6, 6, 10, 6.5], "rotation": 180, "texture": "#4", "cullface": "north"},
				"west": {"uv": [6, 6, 6.5, 10], "rotation": 270, "texture": "#4", "cullface": "north"},
				"up": {"uv": [6, 6, 10, 10], "texture": "#4", "cullface": "north"}
			}
		},
		{
			"from": [7, 1, 7],
			"to": [9, 2, 9],
			"faces": {
				"north": {"uv": [7, 8, 9, 9], "rotation": 180, "texture": "#4", "cullface": "north"},
				"east": {"uv": [8, 7, 9, 9], "rotation": 270, "texture": "#4", "cullface": "north"},
				"south": {"uv": [7, 7, 9, 8], "rotation": 180, "texture": "#4", "cullface": "north"},
				"west": {"uv": [7, 7, 8, 9], "rotation": 270, "texture": "#4", "cullface": "north"},
				"up": {"uv": [7, 7, 9, 9], "texture": "#4", "cullface": "north"}
			}
		},
		{
			"from": [7, 14, 7],
			"to": [9, 15, 9],
			"faces": {
				"north": {"uv": [7, 7, 9, 8], "texture": "#4", "cullface": "north"},
				"east": {"uv": [8, 7, 9, 9], "rotation": 90, "texture": "#4", "cullface": "north"},
				"south": {"uv": [7, 8, 9, 9], "texture": "#4", "cullface": "north"},
				"west": {"uv": [7, 7, 8, 9], "rotation": 90, "texture": "#4", "cullface": "north"},
				"down": {"uv": [7, 7, 9, 9], "texture": "#4", "cullface": "north"}
			}
		},
		{
			"from": [6, 14.5, 6],
			"to": [10, 15, 10],
			"faces": {
				"north": {"uv": [6, 6, 10, 6.5], "texture": "#4", "cullface": "north"},
				"east": {"uv": [9.5, 6, 10, 10], "rotation": 270, "texture": "#4", "cullface": "north"},
				"south": {"uv": [6, 9.5, 10, 10], "texture": "#4", "cullface": "north"},
				"west": {"uv": [6, 6, 6.5, 10], "rotation": 90, "texture": "#4", "cullface": "north"},
				"down": {"uv": [6, 6, 10, 10], "texture": "#4", "cullface": "north"}
			}
		},
		{
			"from": [0, 0, 0],
			"to": [16, 1, 16],
			"faces": {
				"north": {"uv": [0, 15, 16, 16], "texture": "#front", "cullface": "north"},
				"east": {"uv": [0, 0, 16, 1], "texture": "#side", "cullface": "east"},
				"south": {"uv": [0, 0, 16, 1], "texture": "#side", "cullface": "south"},
				"west": {"uv": [0, 0, 16, 1], "texture": "#side", "cullface": "west"},
				"up": {"uv": [0, 0, 16, 16], "rotation": 180, "texture": "#4", "cullface": "north"},
				"down": {"uv": [0, 0, 16, 16], "rotation": 180, "texture": "#top", "cullface": "down"}
			}
		},
		{
			"from": [0, 15, 0],
			"to": [16, 16, 16],
			"faces": {
				"north": {"uv": [0, 0, 16, 1], "texture": "#front", "cullface": "north"},
				"east": {"uv": [0, 0, 16, 1], "texture": "#side", "cullface": "east"},
				"south": {"uv": [0, 0, 16, 1], "texture": "#side", "cullface": "south"},
				"west": {"uv": [0, 0, 16, 1], "texture": "#side", "cullface": "west"},
				"up": {"uv": [0, 0, 16, 16], "rotation": 180, "texture": "#top", "cullface": "up"},
				"down": {"uv": [0, 0, 16, 16], "rotation": 180, "texture": "#4", "cullface": "north"}
			}
		},
		{
			"from": [6, 16, 6],
			"to": [10, 17, 10],
			"faces": {
				"north": {"uv": [6, 9, 10, 10], "texture": "#top", "cullface": "up"},
				"east": {"uv": [6, 9, 10, 10], "texture": "#top", "cullface": "up"},
				"south": {"uv": [6, 9, 10, 10], "texture": "#top", "cullface": "up"},
				"west": {"uv": [6, 9, 10, 10], "texture": "#top", "cullface": "up"},
				"up": {"uv": [6, 6, 10, 10], "rotation": 180, "texture": "#top", "cullface": "up"}
			}
		},
		{
			"from": [15, 1, 0],
			"to": [16, 15, 16],
			"faces": {
				"north": {"uv": [0, 1, 1, 15], "texture": "#front", "cullface": "north"},
				"east": {"uv": [0, 1, 16, 15], "texture": "#side", "cullface": "east"},
				"south": {"uv": [0, 1, 1, 15], "texture": "#side", "cullface": "south"},
				"west": {"uv": [0, 1, 16, 15], "texture": "#3", "cullface": "north"}
			}
		},
		{
			"from": [0, 1, 0],
			"to": [1, 15, 16],
			"faces": {
				"north": {"uv": [15, 1, 16, 15], "texture": "#front", "cullface": "north"},
				"east": {"uv": [0, 1, 16, 15], "texture": "#3", "cullface": "north"},
				"south": {"uv": [15, 1, 16, 15], "texture": "#side", "cullface": "south"},
				"west": {"uv": [0, 1, 16, 15], "texture": "#side", "cullface": "west"}
			}
		},
		{
			"from": [1, 1, 15],
			"to": [15, 15, 16],
			"faces": {
				"north": {"uv": [1, 1, 15, 15], "texture": "#3", "cullface": "north"},
				"south": {"uv": [1, 1, 15, 15], "texture": "#side", "cullface": "south"}
			}
		},
		{
			"from": [7.25, 1.5, 7.25],
			"to": [8.75, 7.5, 8.75],
			"rotation": {"angle": 0, "axis": "y", "origin": [0, -7, 0]},
			"faces": {
				"north": {"uv": [0, 8, 2, 14], "texture": "#6", "cullface": "north"},
				"east": {"uv": [0, 8, 2, 14], "texture": "#6", "cullface": "north"},
				"south": {"uv": [0, 8, 2, 14], "texture": "#6", "cullface": "north"},
				"west": {"uv": [0, 8, 2, 14], "texture": "#6", "cullface": "north"},
				"up": {"uv": [0, 6, 2, 8], "texture": "#6", "cullface": "north"}
			}
		},
		{
			"from": [7.375, 7.5, 8],
			"to": [8.625, 9.5, 8],
			"rotation": {"angle": 0, "axis": "y", "origin": [8, 7, 8]},
			"faces": {
				"north": {"uv": [0, 1, 3, 6], "texture": "#6", "cullface": "north"},
				"south": {"uv": [0, 1, 3, 6], "texture": "#6", "cullface": "north"}
			}
		}
	],
	"groups": [
		0,
		1,
		2,
		3,
		4,
		5,
		6,
		7,
		8,
		9,
		10,
		11,
		12,
		13,
		14,
		15,
		16,
		17,
		18,
		19,
		20,
		21,
		{
			"name": "group",
			"origin": [0, 0, 0],
			"color": 0,
			"children": [22, 23, 24]
		}
	]
}