{
	"credit": "Made with Blockbench",
	"textures": {
		"0": "block/pointed_dripstone_up_tip",
		"1": "block/pointed_dripstone_01",
		"2": "block/pointed_dripstone_02",
		"particle": "block/pointed_dripstone_up_tip"
	},
	"elements": [
		{
			"from": [4.5, 14, 4.5],
			"to": [11.5, 16, 11.5],
			"faces": {
				"north": {"uv": [0, 14, 7, 16], "rotation": 180, "texture": "#0"},
				"east": {"uv": [0, 14, 7, 16], "rotation": 180, "texture": "#0"},
				"south": {"uv": [0, 14, 7, 16], "rotation": 180, "texture": "#0"},
				"west": {"uv": [0, 14, 7, 16], "rotation": 180, "texture": "#0"},
				"down": {"uv": [2, 7, 9, 14], "texture": "#1"}
			}
		},
		{
			"from": [5, 11, 5],
			"to": [11, 14, 11],
			"faces": {
				"north": {"uv": [0, 11, 6, 14], "rotation": 180, "texture": "#0"},
				"east": {"uv": [0, 11, 6, 14], "rotation": 180, "texture": "#0"},
				"south": {"uv": [0, 11, 6, 14], "rotation": 180, "texture": "#0"},
				"west": {"uv": [0, 11, 6, 14], "rotation": 180, "texture": "#0"},
				"down": {"uv": [3, 7, 9, 13], "texture": "#2"}
			}
		},
		{
			"from": [5.5, 8, 5.5],
			"to": [10.5, 11, 10.5],
			"faces": {
				"north": {"uv": [0, 8, 5, 11], "rotation": 180, "texture": "#0"},
				"east": {"uv": [0, 8, 5, 11], "rotation": 180, "texture": "#0"},
				"south": {"uv": [0, 8, 5, 11], "rotation": 180, "texture": "#0"},
				"west": {"uv": [0, 8, 5, 11], "rotation": 180, "texture": "#0"},
				"down": {"uv": [3, 8, 8, 13], "texture": "#1"}
			}
		},
		{
			"from": [6.5, 5, 6.5],
			"to": [9.5, 8, 9.5],
			"faces": {
				"north": {"uv": [0, 5, 3, 8], "rotation": 180, "texture": "#0"},
				"east": {"uv": [0, 5, 3, 8], "rotation": 180, "texture": "#0"},
				"south": {"uv": [0, 5, 3, 8], "rotation": 180, "texture": "#0"},
				"west": {"uv": [0, 5, 3, 8], "rotation": 180, "texture": "#0"},
				"down": {"uv": [4, 9, 7, 12], "texture": "#1"}
			}
		}
	]
}