{
	"credit": "Made with Blockbench",
	"textures": {
		"0": "block/pointed_dripstone_up_frustum",
		"1": "block/pointed_dripstone_02",
		"2": "block/pointed_dripstone_01",
		"particle": "block/pointed_dripstone_up_frustum"
	},
	"elements": [
		{
			"from": [4.5, 0, 4.5],
			"to": [11.5, 2, 11.5],
			"faces": {
				"north": {"uv": [0, 0, 7, 2], "rotation": 180, "texture": "#0"},
				"east": {"uv": [0, 0, 7, 2], "rotation": 180, "texture": "#0"},
				"south": {"uv": [0, 0, 7, 2], "rotation": 180, "texture": "#0"},
				"west": {"uv": [0, 0, 7, 2], "rotation": 180, "texture": "#0"},
				"down": {"uv": [2, 7, 9, 14], "texture": "#2"}
			}
		},
		{
			"from": [4, 2, 4],
			"to": [12, 7, 12],
			"faces": {
				"north": {"uv": [0, 2, 8, 7], "rotation": 180, "texture": "#0"},
				"east": {"uv": [0, 2, 8, 7], "rotation": 180, "texture": "#0"},
				"south": {"uv": [0, 2, 8, 7], "rotation": 180, "texture": "#0"},
				"west": {"uv": [0, 2, 8, 7], "rotation": 180, "texture": "#0"},
				"down": {"uv": [2, 6, 10, 14], "texture": "#1"}
			}
		},
		{
			"from": [3.5, 7, 3.5],
			"to": [12.5, 13, 12.5],
			"faces": {
				"north": {"uv": [0, 7, 9, 13], "rotation": 180, "texture": "#0"},
				"east": {"uv": [0, 7, 9, 13], "rotation": 180, "texture": "#0"},
				"south": {"uv": [0, 7, 9, 13], "rotation": 180, "texture": "#0"},
				"west": {"uv": [0, 7, 9, 13], "rotation": 180, "texture": "#0"},
				"down": {"uv": [1, 6, 10, 15], "texture": "#2"}
			}
		},
		{
			"from": [3, 13, 3],
			"to": [13, 16, 13],
			"faces": {
				"north": {"uv": [0, 13, 10, 16], "rotation": 180, "texture": "#0"},
				"east": {"uv": [0, 13, 10, 16], "rotation": 180, "texture": "#0"},
				"south": {"uv": [0, 13, 10, 16], "rotation": 180, "texture": "#0"},
				"west": {"uv": [0, 13, 10, 16], "rotation": 180, "texture": "#0"},
				"down": {"uv": [1, 5, 11, 15], "texture": "#1"}
			}
		}
	]
}