{
	"credit": "Made with Blockbench",
	"textures": {
		"0": "block/pointed_dripstone_up_base",
		"1": "block/pointed_dripstone_02",
		"2": "block/pointed_dripstone_01",
		"particle": "block/pointed_dripstone_up_base"
	},
	"elements": [
		{
			"from": [3, 11, 3],
			"to": [13, 16, 13],
			"faces": {
				"north": {"uv": [0, 0, 10, 5], "texture": "#0"},
				"east": {"uv": [0, 0, 10, 5], "texture": "#0"},
				"south": {"uv": [0, 0, 10, 5], "texture": "#0"},
				"west": {"uv": [0, 0, 10, 5], "texture": "#0"},
				"up": {"uv": [1, 5, 11, 15], "texture": "#1"}
			}
		},
		{
			"from": [2.5, 4, 2.5],
			"to": [13.5, 11, 13.5],
			"faces": {
				"north": {"uv": [0, 5, 11, 12], "texture": "#0"},
				"east": {"uv": [0, 5, 11, 12], "texture": "#0"},
				"south": {"uv": [0, 5, 11, 12], "texture": "#0"},
				"west": {"uv": [0, 5, 11, 12], "texture": "#0"},
				"up": {"uv": [0, 5, 11, 16], "texture": "#2"}
			}
		},
		{
			"from": [2, 0, 2],
			"to": [14, 4, 14],
			"faces": {
				"north": {"uv": [0, 12, 12, 16], "texture": "#0"},
				"east": {"uv": [0, 12, 12, 16], "texture": "#0"},
				"south": {"uv": [0, 12, 12, 16], "texture": "#0"},
				"west": {"uv": [0, 12, 12, 16], "texture": "#0"},
				"up": {"uv": [0, 4, 12, 16], "texture": "#1"}
			}
		}
	]
}