{
	"credit": "Made with Blockbench",
	"textures": {
		"0": "block/pointed_dripstone_up_tip_merge",
		"1": "block/pointed_dripstone_01",
		"2": "block/pointed_dripstone_02",
		"particle": "block/pointed_dripstone_up_tip_merge"
	},
	"elements": [
		{
			"from": [4.5, 14, 4.5],
			"to": [11.5, 16, 11.5],
			"faces": {
				"north": {"uv": [0, 14, 7, 16], "rotation": 180, "texture": "#0"},
				"east": {"uv": [0, 14, 7, 16], "rotation": 180, "texture": "#0"},
				"south": {"uv": [0, 14, 7, 16], "rotation": 180, "texture": "#0"},
				"west": {"uv": [0, 14, 7, 16], "rotation": 180, "texture": "#0"},
				"down": {"uv": [2, 7, 9, 14], "rotation": 180, "texture": "#1"}
			}
		},
		{
			"from": [5, 10, 5],
			"to": [11, 14, 11],
			"faces": {
				"north": {"uv": [0, 10, 6, 14], "rotation": 180, "texture": "#0"},
				"east": {"uv": [0, 10, 6, 14], "rotation": 180, "texture": "#0"},
				"south": {"uv": [0, 10, 6, 14], "rotation": 180, "texture": "#0"},
				"west": {"uv": [0, 10, 6, 14], "rotation": 180, "texture": "#0"},
				"down": {"uv": [3, 7, 9, 13], "rotation": 180, "texture": "#2"}
			}
		},
		{
			"from": [5.5, 5, 5.5],
			"to": [10.5, 10, 10.5],
			"faces": {
				"north": {"uv": [0, 5, 5, 10], "rotation": 180, "texture": "#0"},
				"east": {"uv": [0, 5, 5, 10], "rotation": 180, "texture": "#0"},
				"south": {"uv": [0, 5, 5, 10], "rotation": 180, "texture": "#0"},
				"west": {"uv": [0, 5, 5, 10], "rotation": 180, "texture": "#0"},
				"down": {"uv": [3, 8, 8, 13], "rotation": 180, "texture": "#1"}
			}
		},
		{
			"from": [6, 0, 6],
			"to": [10, 5, 10],
			"faces": {
				"north": {"uv": [0, 0, 4, 5], "rotation": 180, "texture": "#0"},
				"east": {"uv": [0, 0, 4, 5], "rotation": 180, "texture": "#0"},
				"south": {"uv": [0, 0, 4, 5], "rotation": 180, "texture": "#0"},
				"west": {"uv": [0, 0, 4, 5], "rotation": 180, "texture": "#0"}
			}
		}
	]
}