{
	"credit": "Made with Blockbench",
	"textures": {
		"0": "block/pointed_dripstone_up_base",
		"1": "block/pointed_dripstone_02",
		"2": "block/pointed_dripstone_01",
		"particle": "block/pointed_dripstone_up_base"
	},
	"elements": [
		{
			"from": [3, 0, 3],
			"to": [13, 5, 13],
			"faces": {
				"north": {"uv": [0, 0, 10, 5], "rotation": 180, "texture": "#0"},
				"east": {"uv": [0, 0, 10, 5], "rotation": 180, "texture": "#0"},
				"south": {"uv": [0, 0, 10, 5], "rotation": 180, "texture": "#0"},
				"west": {"uv": [0, 0, 10, 5], "rotation": 180, "texture": "#0"},
				"down": {"uv": [1, 5, 11, 15], "texture": "#1"}
			}
		},
		{
			"from": [2.5, 5, 2.5],
			"to": [13.5, 12, 13.5],
			"faces": {
				"north": {"uv": [0, 5, 11, 12], "rotation": 180, "texture": "#0"},
				"east": {"uv": [0, 5, 11, 12], "rotation": 180, "texture": "#0"},
				"south": {"uv": [0, 5, 11, 12], "rotation": 180, "texture": "#0"},
				"west": {"uv": [0, 5, 11, 12], "rotation": 180, "texture": "#0"},
				"down": {"uv": [0, 5, 11, 16], "texture": "#2"}
			}
		},
		{
			"from": [2, 12, 2],
			"to": [14, 16, 14],
			"faces": {
				"north": {"uv": [0, 12, 12, 16], "rotation": 180, "texture": "#0"},
				"east": {"uv": [0, 12, 12, 16], "rotation": 180, "texture": "#0"},
				"south": {"uv": [0, 12, 12, 16], "rotation": 180, "texture": "#0"},
				"west": {"uv": [0, 12, 12, 16], "rotation": 180, "texture": "#0"},
				"down": {"uv": [0, 4, 12, 16], "texture": "#1"}
			}
		}
	]
}