{
	"credit": "Made with Blockbench",
	"parent": "block/block",
	"ambientocclusion": false,
	"textures": {
		"top": "block/pumpkin_top",
		"particle": "block/pumpkin_side",
		"side": "block/pumpkin_side"
	},
	"elements": [
		{
			"from": [6, 16, 6],
			"to": [10, 17, 10],
			"faces": {
				"north": {"uv": [6, 9, 10, 10], "texture": "#top","cullface": "north"},
				"east": {"uv": [6, 9, 10, 10], "texture": "#top","cullface": "north"},
				"south": {"uv": [6, 9, 10, 10], "texture": "#top","cullface": "north"},
				"west": {"uv": [6, 9, 10, 10], "texture": "#top","cullface": "north"},
				"up": {"uv": [6, 6, 10, 10], "rotation": 180, "texture": "#top","cullface": "north"},
				"down": {"uv": [0, 0, 16, 16], "rotation": 180, "texture": "#top","cullface": "north"}
			}
		},
		{
			"from": [0, 0, 0],
			"to": [16, 16, 16],
			"faces": {
				"north": {"uv": [0, 0, 16, 16], "texture": "#side","cullface": "north"},
				"east": {"uv": [0, 0, 16, 16], "texture": "#side","cullface": "east"},
				"south": {"uv": [0, 0, 16, 16], "texture": "#side","cullface": "south"},
				"west": {"uv": [0, 0, 16, 16], "texture": "#side","cullface": "west"},
				"up": {"uv": [0, 0, 16, 16], "texture": "#top","cullface": "up"},
				"down": {"uv": [0, 0, 16, 16], "texture": "#top","cullface": "down"}
			}
		}
	]
}