{
  "variants": {
    "": [
      {
        "model": "minecraft:block/sand00", "weight": 100
      },
      {
        "model": "minecraft:block/sand00", "y": 90, "weight": 100
      },
      {
        "model": "minecraft:block/sand00", "y": 180, "weight": 100
      },
      {
        "model": "minecraft:block/sand00", "y": 270, "weight": 100
      },
      {
        "model": "minecraft:block/sand01", "weight": 2
      },
      {
        "model": "minecraft:block/sand01", "y": 90, "weight": 2
      },
      {
        "model": "minecraft:block/sand01", "y": 180, "weight": 2
      },
      {
        "model": "minecraft:block/sand01", "y": 270, "weight": 2
      },
      {
        "model": "minecraft:block/sand02", "weight": 5
      },
      {
        "model": "minecraft:block/sand02", "y": 90, "weight": 5
      },
      {
        "model": "minecraft:block/sand02", "y": 180, "weight": 5
      },
      {
        "model": "minecraft:block/sand02", "y": 270, "weight": 5
      }
    ]
  }
}